-- Create a new database called 'DatabaseName'
-- Connect to the 'master' database to run this snippet
USE master
GO
-- Create the new database if it does not exist already
IF NOT EXISTS (
	SELECT name
		FROM sys.databases
		WHERE name = N'ApplicantsTrackingDB'
)
CREATE DATABASE ApplicantsTrackingDB
GO

USE ApplicantsTrackingDB
INSERT [dbo].[EventType] ([Id], [Name]) VALUES (N'16d3d984-672d-4e31-90e1-4206375a4b9b', N'Accomplishment')
INSERT [dbo].[EventType] ([Id], [Name]) VALUES (N'26d3d985-672d-4e31-9a07-4206375a4b9b', N'Incident')
INSERT [dbo].[EventType] ([Id], [Name]) VALUES (N'16d3d984-672d-4e31-9ae6-4206375a4b9b', N'Informational')
GO
INSERT [dbo].[Image] ([UserId], [ProviderImageKey], [Id]) VALUES (N'21ffc534-1d83-44d5-b264-1e17feabd322', N'https://www.dropbox.com/s/nu3zqjo88inc4v4/67b3bc7c-d5ae-4117-9120-82caee89891f.jpg?dl=0&raw=1', N'af689df9-f7c8-4cc0-447b-08d96e4358b2')
INSERT [dbo].[Image] ([UserId], [ProviderImageKey], [Id]) VALUES (N'2ce69f92-37cc-4df1-b5ee-0cfb501646b7', N'https://www.dropbox.com/s/wtxx2txbd5l6mxl/9e213bd1-16f3-4fa7-9cbe-b33a791779f2.jpg?dl=0&raw=1', N'112b6c5a-06ee-4123-9a03-11eac258482e')
INSERT [dbo].[Image] ([UserId], [ProviderImageKey], [Id]) VALUES (N'23ffc534-1d83-44d5-b264-1e17feabd322', N'https://www.dropbox.com/s/nu3zqjo88inc4v4/67b3bc7c-d5ae-4117-9120-82caee89891f.jpg?dl=0&raw=1', N'2c9f6a0e-0346-4cb9-8b49-3199181d1057')
INSERT [dbo].[Image] ([UserId], [ProviderImageKey], [Id]) VALUES (N'4fffc534-1d83-44d5-b264-1e17feabd322', N'https://www.dropbox.com/s/z5q5sasdop6m6xi/d4fcffd6-6151-4913-910b-665be439e92e.jpg?dl=0&raw=1', N'1cdcc44e-8c37-4297-ab79-38b28f26f304')
INSERT [dbo].[Image] ([UserId], [ProviderImageKey], [Id]) VALUES (N'3fffc534-1d83-44d5-b264-1e17feabd322', N'https://www.dropbox.com/s/nu3zqjo88inc4v4/67b3bc7c-d5ae-4117-9120-82caee89891f.jpg?dl=0&raw=1', N'ba981400-e621-432c-b20d-5d81dab57d8a')
INSERT [dbo].[Image] ([UserId], [ProviderImageKey], [Id]) VALUES (N'22ffc534-1d83-44d5-b264-1e17feabd322', N'https://www.dropbox.com/s/rqde60nkwl1orw6/83681c15-a359-47f4-a49c-a39d6074dcd4.jpg?dl=0&raw=1', N'204a698b-2b1a-43ad-8fcf-85063709cac7')
GO
INSERT [dbo].[Skill] ([Id], [Name]) VALUES (N'44b6a30c-b42c-11eb-8529-0242ac130003', N'Communication / Listening Skills')
INSERT [dbo].[Skill] ([Id], [Name]) VALUES (N'35c96e38-b42c-11eb-8529-0242ac130003', N'Job Knowledge')
INSERT [dbo].[Skill] ([Id], [Name]) VALUES (N'5265e256-b42c-11eb-8529-0242ac130003', N'Responsibility / Commitment')
INSERT [dbo].[Skill] ([Id], [Name]) VALUES (N'4d72c16a-b42c-11eb-8529-0242ac130003', N'Time Management')
INSERT [dbo].[Skill] ([Id], [Name]) VALUES (N'3a06d8aa-b42c-11eb-8529-0242ac130003', N'Work Quality')
INSERT [dbo].[Skill] ([Id], [Name]) VALUES (N'57cbd9c6-b42c-11eb-8529-0242ac130003', N'Initiative / Proactivity')
INSERT [dbo].[Skill] ([Id], [Name]) VALUES (N'401604c8-b42c-11eb-8529-0242ac130003', N'Attendance / Punctuality')
INSERT [dbo].[Skill] ([Id], [Name]) VALUES (N'48f296f6-b42c-11eb-8529-0242ac130003', N'Self - Sufficiency')
GO
INSERT [dbo].[Program] ([Id], [Name]) VALUES (N'2ce69f92-37cc-4df1-b5ee-0cfb511646b7', N'RESEARCH')
INSERT [dbo].[Program] ([Id], [Name]) VALUES (N'4fffc534-1d83-44d5-b264-1e17f24bd322', N'AT')
INSERT [dbo].[Program] ([Id], [Name]) VALUES (N'4fffc534-1d83-44d5-b264-1e17f2abd322', N'DEV')
GO
INSERT [dbo].[ProgramSkills] ([ProgramsId], [SkillsId]) VALUES (N'2ce69f92-37cc-4df1-b5ee-0cfb511646b7', N'44b6a30c-b42c-11eb-8529-0242ac130003')
INSERT [dbo].[ProgramSkills] ([ProgramsId], [SkillsId]) VALUES (N'2ce69f92-37cc-4df1-b5ee-0cfb511646b7', N'35c96e38-b42c-11eb-8529-0242ac130003')
INSERT [dbo].[ProgramSkills] ([ProgramsId], [SkillsId]) VALUES (N'2ce69f92-37cc-4df1-b5ee-0cfb511646b7', N'5265e256-b42c-11eb-8529-0242ac130003')
INSERT [dbo].[ProgramSkills] ([ProgramsId], [SkillsId]) VALUES (N'2ce69f92-37cc-4df1-b5ee-0cfb511646b7', N'4d72c16a-b42c-11eb-8529-0242ac130003')
INSERT [dbo].[ProgramSkills] ([ProgramsId], [SkillsId]) VALUES (N'2ce69f92-37cc-4df1-b5ee-0cfb511646b7', N'3a06d8aa-b42c-11eb-8529-0242ac130003')
INSERT [dbo].[ProgramSkills] ([ProgramsId], [SkillsId]) VALUES (N'2ce69f92-37cc-4df1-b5ee-0cfb511646b7', N'57cbd9c6-b42c-11eb-8529-0242ac130003')
INSERT [dbo].[ProgramSkills] ([ProgramsId], [SkillsId]) VALUES (N'2ce69f92-37cc-4df1-b5ee-0cfb511646b7', N'401604c8-b42c-11eb-8529-0242ac130003')
INSERT [dbo].[ProgramSkills] ([ProgramsId], [SkillsId]) VALUES (N'2ce69f92-37cc-4df1-b5ee-0cfb511646b7', N'48f296f6-b42c-11eb-8529-0242ac130003')
INSERT [dbo].[ProgramSkills] ([ProgramsId], [SkillsId]) VALUES (N'4fffc534-1d83-44d5-b264-1e17f24bd322', N'44b6a30c-b42c-11eb-8529-0242ac130003')
INSERT [dbo].[ProgramSkills] ([ProgramsId], [SkillsId]) VALUES (N'4fffc534-1d83-44d5-b264-1e17f24bd322', N'35c96e38-b42c-11eb-8529-0242ac130003')
INSERT [dbo].[ProgramSkills] ([ProgramsId], [SkillsId]) VALUES (N'4fffc534-1d83-44d5-b264-1e17f24bd322', N'5265e256-b42c-11eb-8529-0242ac130003')
INSERT [dbo].[ProgramSkills] ([ProgramsId], [SkillsId]) VALUES (N'4fffc534-1d83-44d5-b264-1e17f24bd322', N'4d72c16a-b42c-11eb-8529-0242ac130003')
INSERT [dbo].[ProgramSkills] ([ProgramsId], [SkillsId]) VALUES (N'4fffc534-1d83-44d5-b264-1e17f24bd322', N'3a06d8aa-b42c-11eb-8529-0242ac130003')
INSERT [dbo].[ProgramSkills] ([ProgramsId], [SkillsId]) VALUES (N'4fffc534-1d83-44d5-b264-1e17f24bd322', N'57cbd9c6-b42c-11eb-8529-0242ac130003')
INSERT [dbo].[ProgramSkills] ([ProgramsId], [SkillsId]) VALUES (N'4fffc534-1d83-44d5-b264-1e17f24bd322', N'401604c8-b42c-11eb-8529-0242ac130003')
INSERT [dbo].[ProgramSkills] ([ProgramsId], [SkillsId]) VALUES (N'4fffc534-1d83-44d5-b264-1e17f24bd322', N'48f296f6-b42c-11eb-8529-0242ac130003')
INSERT [dbo].[ProgramSkills] ([ProgramsId], [SkillsId]) VALUES (N'4fffc534-1d83-44d5-b264-1e17f2abd322', N'44b6a30c-b42c-11eb-8529-0242ac130003')
INSERT [dbo].[ProgramSkills] ([ProgramsId], [SkillsId]) VALUES (N'4fffc534-1d83-44d5-b264-1e17f2abd322', N'35c96e38-b42c-11eb-8529-0242ac130003')
INSERT [dbo].[ProgramSkills] ([ProgramsId], [SkillsId]) VALUES (N'4fffc534-1d83-44d5-b264-1e17f2abd322', N'5265e256-b42c-11eb-8529-0242ac130003')
INSERT [dbo].[ProgramSkills] ([ProgramsId], [SkillsId]) VALUES (N'4fffc534-1d83-44d5-b264-1e17f2abd322', N'4d72c16a-b42c-11eb-8529-0242ac130003')
INSERT [dbo].[ProgramSkills] ([ProgramsId], [SkillsId]) VALUES (N'4fffc534-1d83-44d5-b264-1e17f2abd322', N'3a06d8aa-b42c-11eb-8529-0242ac130003')
INSERT [dbo].[ProgramSkills] ([ProgramsId], [SkillsId]) VALUES (N'4fffc534-1d83-44d5-b264-1e17f2abd322', N'57cbd9c6-b42c-11eb-8529-0242ac130003')
INSERT [dbo].[ProgramSkills] ([ProgramsId], [SkillsId]) VALUES (N'4fffc534-1d83-44d5-b264-1e17f2abd322', N'401604c8-b42c-11eb-8529-0242ac130003')
INSERT [dbo].[ProgramSkills] ([ProgramsId], [SkillsId]) VALUES (N'4fffc534-1d83-44d5-b264-1e17f2abd322', N'48f296f6-b42c-11eb-8529-0242ac130003')
GO
INSERT [dbo].[Option] ([Id], [Name], [Weight]) VALUES (N'00000000-0000-0000-0000-000000000000', N'EmptyO', 0)
INSERT [dbo].[Option] ([Id], [Name], [Weight]) VALUES (N'5da46d24-b42a-11eb-8529-0242ac130003', N'Poor', 1)
INSERT [dbo].[Option] ([Id], [Name], [Weight]) VALUES (N'c2db002c-b42a-11eb-8529-0242ac130003', N'Yes', 6)
INSERT [dbo].[Option] ([Id], [Name], [Weight]) VALUES (N'bdccfc52-b42a-11eb-8529-0242ac130003', N'Excellent', 5)
INSERT [dbo].[Option] ([Id], [Name], [Weight]) VALUES (N'c8f56182-b42a-11eb-8529-0242ac130003', N'No', 7)
INSERT [dbo].[Option] ([Id], [Name], [Weight]) VALUES (N'b730edc2-b42a-11eb-8529-0242ac130003', N'Good', 4)
INSERT [dbo].[Option] ([Id], [Name], [Weight]) VALUES (N'b02ac7dc-b42a-11eb-8529-0242ac130003', N'Satisfactory', 3)
INSERT [dbo].[Option] ([Id], [Name], [Weight]) VALUES (N'aa16e4fc-b42a-11eb-8529-0242ac130003', N'Fair', 2)
GO
INSERT [dbo].[Person] ([Id], [FirstName], [LastName], [CI], [PersonalEmail], [Issued], [CurrentCity], [Gender], [PhoneNumber]) VALUES (N'11111111-1d83-44d5-b264-1e17feabd322', N'Mentor', N'Dev31', N'8888885', N'mentor.dev31@gmail.com', N'La Paz', N'La Paz', N'Male', N'77777777')
INSERT [dbo].[Person] ([Id], [FirstName], [LastName], [CI], [PersonalEmail], [Issued], [CurrentCity], [Gender], [PhoneNumber]) VALUES (N'11111112-1d83-44d5-b264-1e17feabd322', N'Alejandro', N'Ruiz', N'8888886', N'alejandro.ruiz@gmail.com', N'La Paz', N'La Paz', N'Male', N'77777777')
INSERT [dbo].[Person] ([Id], [FirstName], [LastName], [CI], [PersonalEmail], [Issued], [CurrentCity], [Gender], [PhoneNumber]) VALUES (N'11111113-1d83-44d5-b264-1e17feabd322', N'Sider', N'Huanca', N'8888887', N'sider.huanca@gmail.com', N'La Paz', N'La Paz', N'Male', N'77777777')
INSERT [dbo].[Person] ([Id], [FirstName], [LastName], [CI], [PersonalEmail], [Issued], [CurrentCity], [Gender], [PhoneNumber]) VALUES (N'11111114-1d83-44d5-b264-1e17feabd322', N'Fabricio', N'Campero', N'8888888', N'fabricio.campero@gmail.com', N'La Paz', N'La Paz', N'Male', N'77777777')
INSERT [dbo].[Person] ([Id], [FirstName], [LastName], [CI], [PersonalEmail], [Issued], [CurrentCity], [Gender], [PhoneNumber]) VALUES (N'11111115-1d83-44d5-b264-1e17feabd322', N'Osmar', N'Ugarte', N'8888889', N'osmar.ugarte@gmail.com', N'La Paz', N'La Paz', N'Male', N'77777777')
INSERT [dbo].[Person] ([Id], [FirstName], [LastName], [CI], [PersonalEmail], [Issued], [CurrentCity], [Gender], [PhoneNumber]) VALUES (N'11111116-1d83-44d5-b264-1e17feabd322', N'John', N'Doe', N'8888884', N'john.doe@gmail.com', N'La Paz', N'La Paz', N'Male', N'77777777')
INSERT [dbo].[Person] ([Id], [FirstName], [LastName], [CI], [PersonalEmail], [Issued], [CurrentCity], [Gender], [PhoneNumber]) VALUES (N'11111117-1d83-44d5-b264-1e17feabd322', N'Marcos', N'Armendia', N'8888334', N'marcos.armendia@gmail.com', N'Cochabamba', N'Tarija', N'Male', N'77777888')
INSERT [dbo].[Person] ([Id], [FirstName], [LastName], [CI], [PersonalEmail], [Issued], [CurrentCity], [Gender], [PhoneNumber]) VALUES (N'11111118-1d83-44d5-b264-1e17feabd322', N'Sofia', N'Perez', N'8881184', N'sofia.perez@gmail.com', N'Oruro', N'Santa Cruz', N'Female', N'77777999')
INSERT [dbo].[Person] ([Id], [FirstName], [LastName], [CI], [PersonalEmail], [Issued], [CurrentCity], [Gender], [PhoneNumber]) VALUES (N'11111119-1d83-44d5-b264-1e17feabd322', N'Jorge', N'Delgadillo Mamani', N'6665656', N'michael.jackson@gmail.com', N'Potosi', N'Potosi', N'Male', N'77676767')
INSERT [dbo].[Person] ([Id], [FirstName], [LastName], [CI], [PersonalEmail], [Issued], [CurrentCity], [Gender], [PhoneNumber]) VALUES (N'11111120-1d83-44d5-b264-1e17feabd322', N'Cristhian', N'Ortiz Quispe', N'8787666', N'juanita@gmail.com', N'La Paz', N'Cochabamba', N'Female', N'78786555')
INSERT [dbo].[Person] ([Id], [FirstName], [LastName], [CI], [PersonalEmail], [Issued], [CurrentCity], [Gender], [PhoneNumber]) VALUES (N'11111121-1d83-44d5-b264-1e17feabd322', N'Maurcio', N'Escocbar Smith', N'9989897', N'will@gmail.com', N'Oruro', N'Oruro', N'Male', N'99886665')
GO

INSERT [dbo].[ProgramVersion] ([Id], [Name], [StartDate], [EndDate], [UserId], [ProgramId]) VALUES (N'4fffc534-1d83-12d5-b264-1e17f2abd322', N'Dev29', N'2021-1-15T00:00:00.0000000Z', N'2021-10-29T00:00:00.0000000Z', N'3fffc534-1d83-44d5-b264-1e17feabd322', N'4fffc534-1d83-44d5-b264-1e17f2abd322')
INSERT [dbo].[ProgramVersion] ([Id], [Name], [StartDate], [EndDate], [UserId], [ProgramId]) VALUES (N'4fffc534-1d83-13d5-b264-1e17f2abd322', N'Dev30', N'2020-01-15T00:00:00.0000000Z', N'2020-09-15T00:00:00.0000000Z', N'3fffc534-1d83-44d5-b264-1e17feabd322', N'4fffc534-1d83-44d5-b264-1e17f2abd322')
INSERT [dbo].[ProgramVersion] ([Id], [Name], [StartDate], [EndDate], [UserId], [ProgramId]) VALUES (N'4fffc534-1d83-14d5-b264-1e17f2abd322', N'Dev31', N'2021-10-1T00:00:00.0000000Z', N'2021-10-29T00:00:00.0000000Z', N'3fffc534-1d83-44d5-b264-1e17feabd322', N'4fffc534-1d83-44d5-b264-1e17f2abd322')
INSERT [dbo].[ProgramVersion] ([Id], [Name], [StartDate], [EndDate], [UserId], [ProgramId]) VALUES (N'4fffc534-1d83-15d5-b264-1e17f2abd322', N'Dev32', N'2022-01-15T00:00:00.0000000Z', N'2022-09-15T00:00:00.0000000Z', N'3fffc534-1d83-44d5-b264-1e17feabd322', N'4fffc534-1d83-44d5-b264-1e17f2abd322')
INSERT [dbo].[ProgramVersion] ([Id], [Name], [StartDate], [EndDate], [UserId], [ProgramId]) VALUES (N'4fffc534-1d83-16d5-b264-1e17f2abd322', N'Dev33', N'2023-01-15T00:00:00.0000000Z', N'2023-09-15T00:00:00.0000000Z', N'3fffc534-1d83-44d5-b264-1e17feabd322', N'4fffc534-1d83-44d5-b264-1e17f2abd322')
INSERT [dbo].[ProgramVersion] ([Id], [Name], [StartDate], [EndDate], [UserId], [ProgramId]) VALUES (N'2ce69f92-1d83-22d5-b264-1e17f2abd322', N'Research29', N'2019-01-15T00:00:00.0000000Z', N'2019-09-15T00:00:00.0000000Z', N'3fffc534-1d83-44d5-b264-1e17feabd322', N'2ce69f92-37cc-4df1-b5ee-0cfb511646b7')
INSERT [dbo].[ProgramVersion] ([Id], [Name], [StartDate], [EndDate], [UserId], [ProgramId]) VALUES (N'2ce69f92-1d83-23d5-b264-1e17f2abd322', N'Research30', N'2020-01-15T00:00:00.0000000Z', N'2020-09-15T00:00:00.0000000Z', N'3fffc534-1d83-44d5-b264-1e17feabd322', N'2ce69f92-37cc-4df1-b5ee-0cfb511646b7')
INSERT [dbo].[ProgramVersion] ([Id], [Name], [StartDate], [EndDate], [UserId], [ProgramId]) VALUES (N'2ce69f92-1d83-24d5-b264-1e17f2abd322', N'Research31', N'2021-01-15T00:00:00.0000000Z', N'2021-09-15T00:00:00.0000000Z', N'3fffc534-1d83-44d5-b264-1e17feabd322', N'2ce69f92-37cc-4df1-b5ee-0cfb511646b7')
INSERT [dbo].[ProgramVersion] ([Id], [Name], [StartDate], [EndDate], [UserId], [ProgramId]) VALUES (N'2ce69f92-1d83-25d5-b264-1e17f2abd322', N'Research32', N'2022-01-15T00:00:00.0000000Z', N'2022-09-15T00:00:00.0000000Z', N'3fffc534-1d83-44d5-b264-1e17feabd322', N'2ce69f92-37cc-4df1-b5ee-0cfb511646b7')
INSERT [dbo].[ProgramVersion] ([Id], [Name], [StartDate], [EndDate], [UserId], [ProgramId]) VALUES (N'2ce69f92-1d83-26d5-b264-1e17f2abd322', N'Research33', N'2023-01-15T00:00:00.0000000Z', N'2023-09-15T00:00:00.0000000Z', N'3fffc534-1d83-44d5-b264-1e17feabd322', N'2ce69f92-37cc-4df1-b5ee-0cfb511646b7')
INSERT [dbo].[ProgramVersion] ([Id], [Name], [StartDate], [EndDate], [UserId], [ProgramId]) VALUES (N'3fffc534-1d83-32d5-b264-1e17f2abd322', N'AT29', N'2019-01-15T00:00:00.0000000Z', N'2019-09-15T00:00:00.0000000Z', N'3fffc534-1d83-44d5-b264-1e17feabd322', N'4fffc534-1d83-44d5-b264-1e17f24bd322')
INSERT [dbo].[ProgramVersion] ([Id], [Name], [StartDate], [EndDate], [UserId], [ProgramId]) VALUES (N'3fffc534-1d83-33d5-b264-1e17f2abd322', N'AT30', N'2020-01-15T00:00:00.0000000Z', N'2020-09-15T00:00:00.0000000Z', N'3fffc534-1d83-44d5-b264-1e17feabd322', N'4fffc534-1d83-44d5-b264-1e17f24bd322')
INSERT [dbo].[ProgramVersion] ([Id], [Name], [StartDate], [EndDate], [UserId], [ProgramId]) VALUES (N'3fffc534-1d83-34d5-b264-1e17f2abd322', N'AT31', N'2021-01-15T00:00:00.0000000Z', N'2021-09-15T00:00:00.0000000Z', N'3fffc534-1d83-44d5-b264-1e17feabd322', N'4fffc534-1d83-44d5-b264-1e17f24bd322')
INSERT [dbo].[ProgramVersion] ([Id], [Name], [StartDate], [EndDate], [UserId], [ProgramId]) VALUES (N'3fffc534-1d83-35d5-b264-1e17f2abd322', N'AT32', N'2022-01-15T00:00:00.0000000Z', N'2022-09-15T00:00:00.0000000Z', N'3fffc534-1d83-44d5-b264-1e17feabd322', N'4fffc534-1d83-44d5-b264-1e17f24bd322')
INSERT [dbo].[ProgramVersion] ([Id], [Name], [StartDate], [EndDate], [UserId], [ProgramId]) VALUES (N'3fffc534-1d83-36d5-b264-1e17f2abd322', N'AT33', N'2023-01-15T00:00:00.0000000Z', N'2023-09-15T00:00:00.0000000Z', N'3fffc534-1d83-44d5-b264-1e17feabd322', N'4fffc534-1d83-44d5-b264-1e17f24bd322')
GO
INSERT [dbo].[Question] ([Id], [SkillId], [Title], [Weight]) VALUES (N'f062e918-b42c-11eb-8529-0242ac130003', N'35c96e38-b42c-11eb-8529-0242ac130003', N'Does the scholar apply the above knowledge regularly?', 3)
INSERT [dbo].[Question] ([Id], [SkillId], [Title], [Weight]) VALUES (N'e33e617c-b42c-11eb-8529-0242ac130003', N'35c96e38-b42c-11eb-8529-0242ac130003', N'How much the scholar knows about the product and the product domain (technology related with the product) being developed?', 1)
INSERT [dbo].[Question] ([Id], [SkillId], [Title], [Weight]) VALUES (N'f5013e84-b42c-11eb-8529-0242ac130003', N'3a06d8aa-b42c-11eb-8529-0242ac130003', N'How good are the estimates the scholar does and how accurate is his/her task execution?', 1)
INSERT [dbo].[Question] ([Id], [SkillId], [Title], [Weight]) VALUES (N'fdb85a8a-b42c-11eb-8529-0242ac130003', N'3a06d8aa-b42c-11eb-8529-0242ac130003', N'How closely he/she follows coding practices defined by the customer and/or the team?', 3)
INSERT [dbo].[Question] ([Id], [SkillId], [Title], [Weight]) VALUES (N'f95162b6-b42c-11eb-8529-0242ac130003', N'3a06d8aa-b42c-11eb-8529-0242ac130003', N'How quickly can he understand and take over somebody else’s code?', 2)
INSERT [dbo].[Question] ([Id], [SkillId], [Title], [Weight]) VALUES (N'ea6a3fca-b42c-11eb-8529-0242ac130003', N'35c96e38-b42c-11eb-8529-0242ac130003', N'How much does the scholar know about the development processes involved in daily work?', 2)
INSERT [dbo].[Question] ([Id], [SkillId], [Title], [Weight]) VALUES (N'0f596112-b42d-11eb-8529-0242ac130003', N'3a06d8aa-b42c-11eb-8529-0242ac130003', N'How familiar is he/she with the development environment he/she works on (production code machine, deploy and test machine, build process)?', 7)
INSERT [dbo].[Question] ([Id], [SkillId], [Title], [Weight]) VALUES (N'a90a4c22-b42d-11eb-8529-0242ac130003', N'57cbd9c6-b42c-11eb-8529-0242ac130003', N'Does the scholar build/find tools to improve his task execution speed without being told to do so?', 3)
INSERT [dbo].[Question] ([Id], [SkillId], [Title], [Weight]) VALUES (N'ca03e730-b42d-11eb-8529-0242ac130003', N'44b6a30c-b42c-11eb-8529-0242ac130003', N'Does the scholar communicate his/her ideas in a clear and structured way? Does he/she make sure everyone else understands them?', 6)
INSERT [dbo].[Question] ([Id], [SkillId], [Title], [Weight]) VALUES (N'01e91432-b42d-11eb-8529-0242ac130003', N'3a06d8aa-b42c-11eb-8529-0242ac130003', N'How good are the results of code reviews on the scholar’s code?', 4)
INSERT [dbo].[Question] ([Id], [SkillId], [Title], [Weight]) VALUES (N'94a25f36-b42d-11eb-8529-0242ac130003', N'401604c8-b42c-11eb-8529-0242ac130003', N'Is the scholar focused during meetings?', 2)
INSERT [dbo].[Question] ([Id], [SkillId], [Title], [Weight]) VALUES (N'a0445f38-b42d-11eb-8529-0242ac130003', N'57cbd9c6-b42c-11eb-8529-0242ac130003', N'Does the scholar research technology related with the product under development?', 1)
INSERT [dbo].[Question] ([Id], [SkillId], [Title], [Weight]) VALUES (N'e1dd1f3e-b42d-11eb-8529-0242ac130003', N'48f296f6-b42c-11eb-8529-0242ac130003', N'Does the scholar escalate problems when indeed is necessary?', 2)
INSERT [dbo].[Question] ([Id], [SkillId], [Title], [Weight]) VALUES (N'd8cec14a-b42d-11eb-8529-0242ac130003', N'44b6a30c-b42c-11eb-8529-0242ac130003', N'Does the scholar give support to the team on meetings/demos? E.g translating, clarifying, avoiding silence when people ask questions to the team.', 9)
INSERT [dbo].[Question] ([Id], [SkillId], [Title], [Weight]) VALUES (N'acfceb5a-b42d-11eb-8529-0242ac130003', N'57cbd9c6-b42c-11eb-8529-0242ac130003', N'Does the scholar exceed expectations?', 4)
INSERT [dbo].[Question] ([Id], [SkillId], [Title], [Weight]) VALUES (N'bd695960-b42d-11eb-8529-0242ac130003', N'44b6a30c-b42c-11eb-8529-0242ac130003', N'Does the scholar listen first and then gives opinions?', 3)
INSERT [dbo].[Question] ([Id], [SkillId], [Title], [Weight]) VALUES (N'90b00586-b42d-11eb-8529-0242ac130003', N'401604c8-b42c-11eb-8529-0242ac130003', N'Is the scholar on time for Meetings?', 1)
INSERT [dbo].[Question] ([Id], [SkillId], [Title], [Weight]) VALUES (N'b5b6f786-b42d-11eb-8529-0242ac130003', N'44b6a30c-b42c-11eb-8529-0242ac130003', N'Does the scholar understand his/her tasks assignments? If not, does he/she provide feedback about the problems found? How early is this feedback provided?', 1)
INSERT [dbo].[Question] ([Id], [SkillId], [Title], [Weight]) VALUES (N'b1afff8e-b42d-11eb-8529-0242ac130003', N'57cbd9c6-b42c-11eb-8529-0242ac130003', N'Does the scholar provide feedback about the product quality or functionality on his own, making sure this feedback reaches the appropriate stakeholders?', 5)
INSERT [dbo].[Question] ([Id], [SkillId], [Title], [Weight]) VALUES (N'cee75692-b42d-11eb-8529-0242ac130003', N'44b6a30c-b42c-11eb-8529-0242ac130003', N'Does the scholar communicate his status and share knowledge and opinions during meetings?', 7)
INSERT [dbo].[Question] ([Id], [SkillId], [Title], [Weight]) VALUES (N'c506b29e-b42d-11eb-8529-0242ac130003', N'44b6a30c-b42c-11eb-8529-0242ac130003', N'Does the scholar share his/her findings with the team?', 5)
INSERT [dbo].[Question] ([Id], [SkillId], [Title], [Weight]) VALUES (N'06ab8fa4-b42d-11eb-8529-0242ac130003', N'3a06d8aa-b42c-11eb-8529-0242ac130003', N'How much supervision does a scholar need to integrate his code to the current development branch?', 5)
INSERT [dbo].[Question] ([Id], [SkillId], [Title], [Weight]) VALUES (N'd425fbae-b42d-11eb-8529-0242ac130003', N'44b6a30c-b42c-11eb-8529-0242ac130003', N'Does the scholar give her/his opinion or constructive criticism on project status, processes and product quality?', 8)
INSERT [dbo].[Question] ([Id], [SkillId], [Title], [Weight]) VALUES (N'0af3dab2-b42d-11eb-8529-0242ac130003', N'3a06d8aa-b42c-11eb-8529-0242ac130003', N'How frequently are bugs reported on the scholar’s code and how critical those bugs are?', 6)
INSERT [dbo].[Question] ([Id], [SkillId], [Title], [Weight]) VALUES (N'dcf108be-b42d-11eb-8529-0242ac130003', N'48f296f6-b42c-11eb-8529-0242ac130003', N'Can the scholar work alone and remove roadblocks on his/her own?', 1)
INSERT [dbo].[Question] ([Id], [SkillId], [Title], [Weight]) VALUES (N'c111b6c0-b42d-11eb-8529-0242ac130003', N'44b6a30c-b42c-11eb-8529-0242ac130003', N'Does the scholar raise flags or escalate problems on time?', 4)
INSERT [dbo].[Question] ([Id], [SkillId], [Title], [Weight]) VALUES (N'b9b23cce-b42d-11eb-8529-0242ac130003', N'44b6a30c-b42c-11eb-8529-0242ac130003', N'Does the scholar communicate in a proper way with the team?', 2)
INSERT [dbo].[Question] ([Id], [SkillId], [Title], [Weight]) VALUES (N'99428bec-b42d-11eb-8529-0242ac130003', N'401604c8-b42c-11eb-8529-0242ac130003', N'Does the scholar contribute with information and feedback during meetings?', 3)
INSERT [dbo].[Question] ([Id], [SkillId], [Title], [Weight]) VALUES (N'a507c4f6-b42d-11eb-8529-0242ac130003', N'57cbd9c6-b42c-11eb-8529-0242ac130003', N'Does the scholar provide feedback on processes and proposes changes for improvement?', 2)
INSERT [dbo].[Question] ([Id], [SkillId], [Title], [Weight]) VALUES (N'9a2b552e-b42e-11eb-8529-0242ac130003', N'4d72c16a-b42c-11eb-8529-0242ac130003', N'Do you see a clear balance on time spent in the company vs. tasks assigned and work performed?', 3)
INSERT [dbo].[Question] ([Id], [SkillId], [Title], [Weight]) VALUES (N'b35b5530-b42e-11eb-8529-0242ac130003', N'5265e256-b42c-11eb-8529-0242ac130003', N'Does the scholar follow company’s regulations and practices taking policies seriously?', 4)
INSERT [dbo].[Question] ([Id], [SkillId], [Title], [Weight]) VALUES (N'ac0b0532-b42e-11eb-8529-0242ac130003', N'5265e256-b42c-11eb-8529-0242ac130003', N'Does the scholar accomplish due dates?', 2)
INSERT [dbo].[Question] ([Id], [SkillId], [Title], [Weight]) VALUES (N'9e59dd5a-b42e-11eb-8529-0242ac130003', N'4d72c16a-b42c-11eb-8529-0242ac130003', N'Do you feel comfortable with the scholar’s productivity?', 4)
INSERT [dbo].[Question] ([Id], [SkillId], [Title], [Weight]) VALUES (N'a314a65e-b42e-11eb-8529-0242ac130003', N'4d72c16a-b42c-11eb-8529-0242ac130003', N'Does the scholar avoid over committing to tasks that wont be able to be completed on time or with the appropriate quality?', 5)
INSERT [dbo].[Question] ([Id], [SkillId], [Title], [Weight]) VALUES (N'af5c5060-b42e-11eb-8529-0242ac130003', N'5265e256-b42c-11eb-8529-0242ac130003', N'Is the scholar committed with the goals of the team?', 3)
INSERT [dbo].[Question] ([Id], [SkillId], [Title], [Weight]) VALUES (N'88a4a364-b42e-11eb-8529-0242ac130003', N'48f296f6-b42c-11eb-8529-0242ac130003', N'How would you grade the amount of supervision needed by the scholar in relation to his/her contacts (sending emails, having textual or phone conversations) with the customer?', 3)
INSERT [dbo].[Question] ([Id], [SkillId], [Title], [Weight]) VALUES (N'8c87f86e-b42e-11eb-8529-0242ac130003', N'48f296f6-b42c-11eb-8529-0242ac130003', N'How well the scholar adapts to new challenges like, new features or new projects?', 4)
INSERT [dbo].[Question] ([Id], [SkillId], [Title], [Weight]) VALUES (N'bd4bdaba-b42e-11eb-8529-0242ac130003', N'5265e256-b42c-11eb-8529-0242ac130003', N'Is the scholar willing to go the extra mile when needed?', 5)
INSERT [dbo].[Question] ([Id], [SkillId], [Title], [Weight]) VALUES (N'a767b8cc-b42e-11eb-8529-0242ac130003', N'5265e256-b42c-11eb-8529-0242ac130003', N'Is the scholar committed to the project? With the company?', 1)
INSERT [dbo].[Question] ([Id], [SkillId], [Title], [Weight]) VALUES (N'96261bda-b42e-11eb-8529-0242ac130003', N'4d72c16a-b42c-11eb-8529-0242ac130003', N'How good are the time estimates the scholar provides? How well does he manage his/her remaining (result of overestimation or from removing tasks from the iteration) hours?', 2)
INSERT [dbo].[Question] ([Id], [SkillId], [Title], [Weight]) VALUES (N'914ca6e2-b42e-11eb-8529-0242ac130003', N'4d72c16a-b42c-11eb-8529-0242ac130003', N'How well does the scholar balance the time between high priority tasks and low priority tasks?', 1)
GO
INSERT [dbo].[QuestionOptions] ([Id], [OptionId], [QuestionId]) VALUES (N'd8204647-6ab5-40cc-84c4-0112bbd9bfd4', N'c8f56182-b42a-11eb-8529-0242ac130003', N'90b00586-b42d-11eb-8529-0242ac130003')
INSERT [dbo].[QuestionOptions] ([Id], [OptionId], [QuestionId]) VALUES (N'0127f821-10e8-4af1-a544-04edeca0b082', N'c8f56182-b42a-11eb-8529-0242ac130003', N'cee75692-b42d-11eb-8529-0242ac130003')
INSERT [dbo].[QuestionOptions] ([Id], [OptionId], [QuestionId]) VALUES (N'77c225f5-a637-4b37-8035-05467939894d', N'aa16e4fc-b42a-11eb-8529-0242ac130003', N'01e91432-b42d-11eb-8529-0242ac130003')
INSERT [dbo].[QuestionOptions] ([Id], [OptionId], [QuestionId]) VALUES (N'f5809991-a7ad-49e2-9e2b-09ba284484e6', N'5da46d24-b42a-11eb-8529-0242ac130003', N'06ab8fa4-b42d-11eb-8529-0242ac130003')
INSERT [dbo].[QuestionOptions] ([Id], [OptionId], [QuestionId]) VALUES (N'f5a7ae4c-d2fe-4b42-8b00-0a3e2f778494', N'c8f56182-b42a-11eb-8529-0242ac130003', N'b9b23cce-b42d-11eb-8529-0242ac130003')
INSERT [dbo].[QuestionOptions] ([Id], [OptionId], [QuestionId]) VALUES (N'01b5cb65-5b70-4610-b5ea-0a40423fcc11', N'aa16e4fc-b42a-11eb-8529-0242ac130003', N'06ab8fa4-b42d-11eb-8529-0242ac130003')
INSERT [dbo].[QuestionOptions] ([Id], [OptionId], [QuestionId]) VALUES (N'd271b227-e726-4d51-8524-0f97697be74b', N'c2db002c-b42a-11eb-8529-0242ac130003', N'a0445f38-b42d-11eb-8529-0242ac130003')
INSERT [dbo].[QuestionOptions] ([Id], [OptionId], [QuestionId]) VALUES (N'274fc259-c40e-418f-b49d-127b56a10ac6', N'c8f56182-b42a-11eb-8529-0242ac130003', N'ca03e730-b42d-11eb-8529-0242ac130003')
INSERT [dbo].[QuestionOptions] ([Id], [OptionId], [QuestionId]) VALUES (N'4bd6caf2-ae89-4f87-a8ed-12fedabff60d', N'b730edc2-b42a-11eb-8529-0242ac130003', N'ea6a3fca-b42c-11eb-8529-0242ac130003')
INSERT [dbo].[QuestionOptions] ([Id], [OptionId], [QuestionId]) VALUES (N'38eb6093-f804-46c6-8f0a-1306ee4dd6c1', N'b730edc2-b42a-11eb-8529-0242ac130003', N'0af3dab2-b42d-11eb-8529-0242ac130003')
INSERT [dbo].[QuestionOptions] ([Id], [OptionId], [QuestionId]) VALUES (N'a47791ca-97f8-4cb8-8291-134f3d55e48b', N'b730edc2-b42a-11eb-8529-0242ac130003', N'f95162b6-b42c-11eb-8529-0242ac130003')
INSERT [dbo].[QuestionOptions] ([Id], [OptionId], [QuestionId]) VALUES (N'e054c2c7-278c-47a8-a110-13d91df19593', N'c2db002c-b42a-11eb-8529-0242ac130003', N'b9b23cce-b42d-11eb-8529-0242ac130003')
INSERT [dbo].[QuestionOptions] ([Id], [OptionId], [QuestionId]) VALUES (N'11c28624-6380-42ad-9ad2-143ec8badb04', N'5da46d24-b42a-11eb-8529-0242ac130003', N'f5013e84-b42c-11eb-8529-0242ac130003')
INSERT [dbo].[QuestionOptions] ([Id], [OptionId], [QuestionId]) VALUES (N'a4f12a03-8ca8-4ade-a50e-16e17eb934b4', N'b730edc2-b42a-11eb-8529-0242ac130003', N'06ab8fa4-b42d-11eb-8529-0242ac130003')
INSERT [dbo].[QuestionOptions] ([Id], [OptionId], [QuestionId]) VALUES (N'68de60a4-7092-428a-b217-18992577d15c', N'c8f56182-b42a-11eb-8529-0242ac130003', N'ac0b0532-b42e-11eb-8529-0242ac130003')
INSERT [dbo].[QuestionOptions] ([Id], [OptionId], [QuestionId]) VALUES (N'2bada9d4-c0e0-4d56-9dda-1badd7b6b034', N'c2db002c-b42a-11eb-8529-0242ac130003', N'd425fbae-b42d-11eb-8529-0242ac130003')
INSERT [dbo].[QuestionOptions] ([Id], [OptionId], [QuestionId]) VALUES (N'd09da496-6022-4490-a439-1c6dfaf88e85', N'bdccfc52-b42a-11eb-8529-0242ac130003', N'0f596112-b42d-11eb-8529-0242ac130003')
INSERT [dbo].[QuestionOptions] ([Id], [OptionId], [QuestionId]) VALUES (N'0c31f14c-c0c2-49e5-a985-1d84ded7610c', N'b02ac7dc-b42a-11eb-8529-0242ac130003', N'8c87f86e-b42e-11eb-8529-0242ac130003')
INSERT [dbo].[QuestionOptions] ([Id], [OptionId], [QuestionId]) VALUES (N'7955458e-d033-44fd-b5cc-1eba124b9500', N'c8f56182-b42a-11eb-8529-0242ac130003', N'c506b29e-b42d-11eb-8529-0242ac130003')
INSERT [dbo].[QuestionOptions] ([Id], [OptionId], [QuestionId]) VALUES (N'3e8ab305-e09d-42fb-88a1-21db2a820e50', N'c2db002c-b42a-11eb-8529-0242ac130003', N'99428bec-b42d-11eb-8529-0242ac130003')
INSERT [dbo].[QuestionOptions] ([Id], [OptionId], [QuestionId]) VALUES (N'7f75b7be-c66c-4654-a374-227c740aaea5', N'5da46d24-b42a-11eb-8529-0242ac130003', N'0f596112-b42d-11eb-8529-0242ac130003')
INSERT [dbo].[QuestionOptions] ([Id], [OptionId], [QuestionId]) VALUES (N'fef9fb4d-5354-4bfb-9666-2314b98e320a', N'aa16e4fc-b42a-11eb-8529-0242ac130003', N'8c87f86e-b42e-11eb-8529-0242ac130003')
INSERT [dbo].[QuestionOptions] ([Id], [OptionId], [QuestionId]) VALUES (N'4794d5ce-92e4-4c6d-9371-25c8d0198a0f', N'c2db002c-b42a-11eb-8529-0242ac130003', N'9a2b552e-b42e-11eb-8529-0242ac130003')
INSERT [dbo].[QuestionOptions] ([Id], [OptionId], [QuestionId]) VALUES (N'3c89d6b5-50f3-4cf3-8b33-286e887414c1', N'aa16e4fc-b42a-11eb-8529-0242ac130003', N'914ca6e2-b42e-11eb-8529-0242ac130003')
INSERT [dbo].[QuestionOptions] ([Id], [OptionId], [QuestionId]) VALUES (N'c24e50c4-97cf-4da5-ba20-2b53f5d7f831', N'b730edc2-b42a-11eb-8529-0242ac130003', N'8c87f86e-b42e-11eb-8529-0242ac130003')
INSERT [dbo].[QuestionOptions] ([Id], [OptionId], [QuestionId]) VALUES (N'1f32057b-b959-4d16-baa0-3080ecfd361c', N'c8f56182-b42a-11eb-8529-0242ac130003', N'e1dd1f3e-b42d-11eb-8529-0242ac130003')
INSERT [dbo].[QuestionOptions] ([Id], [OptionId], [QuestionId]) VALUES (N'a1d10b61-7020-487d-b4e9-39c20349d6d3', N'c2db002c-b42a-11eb-8529-0242ac130003', N'ac0b0532-b42e-11eb-8529-0242ac130003')
INSERT [dbo].[QuestionOptions] ([Id], [OptionId], [QuestionId]) VALUES (N'ba32720b-46ef-4a8a-9d7c-3c05cbca70c8', N'b02ac7dc-b42a-11eb-8529-0242ac130003', N'f5013e84-b42c-11eb-8529-0242ac130003')
INSERT [dbo].[QuestionOptions] ([Id], [OptionId], [QuestionId]) VALUES (N'b03f5f9e-8a84-4abf-bf55-3c5071793a9a', N'c8f56182-b42a-11eb-8529-0242ac130003', N'a507c4f6-b42d-11eb-8529-0242ac130003')
INSERT [dbo].[QuestionOptions] ([Id], [OptionId], [QuestionId]) VALUES (N'd41de26f-515e-45c2-ab5b-3c9eec5ab2c8', N'c8f56182-b42a-11eb-8529-0242ac130003', N'bd4bdaba-b42e-11eb-8529-0242ac130003')
INSERT [dbo].[QuestionOptions] ([Id], [OptionId], [QuestionId]) VALUES (N'151d20da-b113-4f77-a27d-4276c1be8791', N'b02ac7dc-b42a-11eb-8529-0242ac130003', N'914ca6e2-b42e-11eb-8529-0242ac130003')
INSERT [dbo].[QuestionOptions] ([Id], [OptionId], [QuestionId]) VALUES (N'3dcfc64e-48c4-422e-9603-430d23a4c718', N'aa16e4fc-b42a-11eb-8529-0242ac130003', N'88a4a364-b42e-11eb-8529-0242ac130003')
INSERT [dbo].[QuestionOptions] ([Id], [OptionId], [QuestionId]) VALUES (N'bbcd82f3-6ae9-4da0-92f7-448d73f79817', N'5da46d24-b42a-11eb-8529-0242ac130003', N'96261bda-b42e-11eb-8529-0242ac130003')
INSERT [dbo].[QuestionOptions] ([Id], [OptionId], [QuestionId]) VALUES (N'148d933f-d77d-4e39-a25d-462b962c21d9', N'c8f56182-b42a-11eb-8529-0242ac130003', N'af5c5060-b42e-11eb-8529-0242ac130003')
INSERT [dbo].[QuestionOptions] ([Id], [OptionId], [QuestionId]) VALUES (N'14bb14e8-0e7b-4be4-b33d-48d899199e3d', N'c8f56182-b42a-11eb-8529-0242ac130003', N'bd695960-b42d-11eb-8529-0242ac130003')
INSERT [dbo].[QuestionOptions] ([Id], [OptionId], [QuestionId]) VALUES (N'a97f5755-cf11-4f18-be48-4e116849413e', N'c2db002c-b42a-11eb-8529-0242ac130003', N'c506b29e-b42d-11eb-8529-0242ac130003')
INSERT [dbo].[QuestionOptions] ([Id], [OptionId], [QuestionId]) VALUES (N'b06aba07-1cab-4a4b-aeee-502a32481ecb', N'c2db002c-b42a-11eb-8529-0242ac130003', N'ca03e730-b42d-11eb-8529-0242ac130003')
INSERT [dbo].[QuestionOptions] ([Id], [OptionId], [QuestionId]) VALUES (N'15163502-d8d9-4d54-8283-528608792285', N'c8f56182-b42a-11eb-8529-0242ac130003', N'a767b8cc-b42e-11eb-8529-0242ac130003')
INSERT [dbo].[QuestionOptions] ([Id], [OptionId], [QuestionId]) VALUES (N'45937dc3-3422-48c8-9a5a-53d537625861', N'b02ac7dc-b42a-11eb-8529-0242ac130003', N'06ab8fa4-b42d-11eb-8529-0242ac130003')
INSERT [dbo].[QuestionOptions] ([Id], [OptionId], [QuestionId]) VALUES (N'39ed6bf0-1377-470e-bbc7-54b5f6d81b89', N'aa16e4fc-b42a-11eb-8529-0242ac130003', N'fdb85a8a-b42c-11eb-8529-0242ac130003')
INSERT [dbo].[QuestionOptions] ([Id], [OptionId], [QuestionId]) VALUES (N'0c15438a-0b43-4538-bb04-553415c7240f', N'c8f56182-b42a-11eb-8529-0242ac130003', N'b5b6f786-b42d-11eb-8529-0242ac130003')
INSERT [dbo].[QuestionOptions] ([Id], [OptionId], [QuestionId]) VALUES (N'4f4911b0-8663-42f3-bb07-565dca624370', N'c2db002c-b42a-11eb-8529-0242ac130003', N'a314a65e-b42e-11eb-8529-0242ac130003')
INSERT [dbo].[QuestionOptions] ([Id], [OptionId], [QuestionId]) VALUES (N'805479d2-33a4-4043-a6d9-58220f34684e', N'b02ac7dc-b42a-11eb-8529-0242ac130003', N'e33e617c-b42c-11eb-8529-0242ac130003')
INSERT [dbo].[QuestionOptions] ([Id], [OptionId], [QuestionId]) VALUES (N'd0088f91-b947-4904-96c5-58396429cbc4', N'aa16e4fc-b42a-11eb-8529-0242ac130003', N'e33e617c-b42c-11eb-8529-0242ac130003')
INSERT [dbo].[QuestionOptions] ([Id], [OptionId], [QuestionId]) VALUES (N'f7afc658-c16c-4c88-a126-5b8a0b03726f', N'c2db002c-b42a-11eb-8529-0242ac130003', N'a90a4c22-b42d-11eb-8529-0242ac130003')
INSERT [dbo].[QuestionOptions] ([Id], [OptionId], [QuestionId]) VALUES (N'4b5529dd-9218-429c-8284-5c02b2cdebae', N'5da46d24-b42a-11eb-8529-0242ac130003', N'e33e617c-b42c-11eb-8529-0242ac130003')
INSERT [dbo].[QuestionOptions] ([Id], [OptionId], [QuestionId]) VALUES (N'594fc2f7-378e-4cf1-b51b-60ae706f5b62', N'b02ac7dc-b42a-11eb-8529-0242ac130003', N'88a4a364-b42e-11eb-8529-0242ac130003')
INSERT [dbo].[QuestionOptions] ([Id], [OptionId], [QuestionId]) VALUES (N'e3de8899-165c-4a88-92ad-60e68a54fae8', N'b02ac7dc-b42a-11eb-8529-0242ac130003', N'96261bda-b42e-11eb-8529-0242ac130003')
INSERT [dbo].[QuestionOptions] ([Id], [OptionId], [QuestionId]) VALUES (N'15600690-d212-47f5-868d-63e8a6b6fd99', N'c2db002c-b42a-11eb-8529-0242ac130003', N'cee75692-b42d-11eb-8529-0242ac130003')
INSERT [dbo].[QuestionOptions] ([Id], [OptionId], [QuestionId]) VALUES (N'9fbda9e6-442a-4189-a267-67e637ea4a1a', N'bdccfc52-b42a-11eb-8529-0242ac130003', N'0af3dab2-b42d-11eb-8529-0242ac130003')
INSERT [dbo].[QuestionOptions] ([Id], [OptionId], [QuestionId]) VALUES (N'ceca5a0d-c5f1-4889-b1af-680726ba94ac', N'5da46d24-b42a-11eb-8529-0242ac130003', N'8c87f86e-b42e-11eb-8529-0242ac130003')
INSERT [dbo].[QuestionOptions] ([Id], [OptionId], [QuestionId]) VALUES (N'2b49a83c-6b78-4ed8-ac45-684695512d02', N'5da46d24-b42a-11eb-8529-0242ac130003', N'ea6a3fca-b42c-11eb-8529-0242ac130003')
INSERT [dbo].[QuestionOptions] ([Id], [OptionId], [QuestionId]) VALUES (N'700cda7d-4fa0-4022-8594-684cb8369e81', N'c2db002c-b42a-11eb-8529-0242ac130003', N'e1dd1f3e-b42d-11eb-8529-0242ac130003')
INSERT [dbo].[QuestionOptions] ([Id], [OptionId], [QuestionId]) VALUES (N'1ba868bc-a1a9-4a8d-abc7-6879b8b9c713', N'bdccfc52-b42a-11eb-8529-0242ac130003', N'01e91432-b42d-11eb-8529-0242ac130003')
INSERT [dbo].[QuestionOptions] ([Id], [OptionId], [QuestionId]) VALUES (N'b3472eb1-a330-4de3-ad27-6b51a325e82c', N'bdccfc52-b42a-11eb-8529-0242ac130003', N'914ca6e2-b42e-11eb-8529-0242ac130003')
INSERT [dbo].[QuestionOptions] ([Id], [OptionId], [QuestionId]) VALUES (N'cc71395f-166b-4f49-8397-6b693108fcaf', N'b730edc2-b42a-11eb-8529-0242ac130003', N'fdb85a8a-b42c-11eb-8529-0242ac130003')
INSERT [dbo].[QuestionOptions] ([Id], [OptionId], [QuestionId]) VALUES (N'2189fd44-29c5-430c-a6ee-6e0fcca453fe', N'5da46d24-b42a-11eb-8529-0242ac130003', N'f95162b6-b42c-11eb-8529-0242ac130003')
INSERT [dbo].[QuestionOptions] ([Id], [OptionId], [QuestionId]) VALUES (N'd1c419f7-9a04-4a99-857a-71c492806764', N'c2db002c-b42a-11eb-8529-0242ac130003', N'b35b5530-b42e-11eb-8529-0242ac130003')
INSERT [dbo].[QuestionOptions] ([Id], [OptionId], [QuestionId]) VALUES (N'02551cdc-fb3b-4d1d-afe6-73b7ee3a2f57', N'5da46d24-b42a-11eb-8529-0242ac130003', N'0af3dab2-b42d-11eb-8529-0242ac130003')
INSERT [dbo].[QuestionOptions] ([Id], [OptionId], [QuestionId]) VALUES (N'583f8921-6060-4ff3-9866-74addeed36cb', N'b02ac7dc-b42a-11eb-8529-0242ac130003', N'ea6a3fca-b42c-11eb-8529-0242ac130003')
INSERT [dbo].[QuestionOptions] ([Id], [OptionId], [QuestionId]) VALUES (N'35c5042d-72d9-44f2-b09b-74da12dbdd6d', N'c8f56182-b42a-11eb-8529-0242ac130003', N'f062e918-b42c-11eb-8529-0242ac130003')
INSERT [dbo].[QuestionOptions] ([Id], [OptionId], [QuestionId]) VALUES (N'f466441b-643e-4038-96c3-7646fbfd3d40', N'c2db002c-b42a-11eb-8529-0242ac130003', N'b5b6f786-b42d-11eb-8529-0242ac130003')
INSERT [dbo].[QuestionOptions] ([Id], [OptionId], [QuestionId]) VALUES (N'82fc7d46-ea85-48ed-b2b9-78297c0b1eb7', N'b02ac7dc-b42a-11eb-8529-0242ac130003', N'01e91432-b42d-11eb-8529-0242ac130003')
INSERT [dbo].[QuestionOptions] ([Id], [OptionId], [QuestionId]) VALUES (N'5f055c59-fff0-4dc7-b3c4-785e081f057d', N'bdccfc52-b42a-11eb-8529-0242ac130003', N'ea6a3fca-b42c-11eb-8529-0242ac130003')
INSERT [dbo].[QuestionOptions] ([Id], [OptionId], [QuestionId]) VALUES (N'04f5393b-28e0-4c71-84f5-7ae2e6f95053', N'c2db002c-b42a-11eb-8529-0242ac130003', N'af5c5060-b42e-11eb-8529-0242ac130003')
INSERT [dbo].[QuestionOptions] ([Id], [OptionId], [QuestionId]) VALUES (N'59199c5a-6b4d-49ff-b91b-7c5fe407b421', N'bdccfc52-b42a-11eb-8529-0242ac130003', N'96261bda-b42e-11eb-8529-0242ac130003')
INSERT [dbo].[QuestionOptions] ([Id], [OptionId], [QuestionId]) VALUES (N'2f01ea21-6ad8-4675-807b-7d960371ebfb', N'b02ac7dc-b42a-11eb-8529-0242ac130003', N'fdb85a8a-b42c-11eb-8529-0242ac130003')
INSERT [dbo].[QuestionOptions] ([Id], [OptionId], [QuestionId]) VALUES (N'87d1aac9-4d6e-4383-a0ca-7fa3fbd17723', N'bdccfc52-b42a-11eb-8529-0242ac130003', N'88a4a364-b42e-11eb-8529-0242ac130003')
INSERT [dbo].[QuestionOptions] ([Id], [OptionId], [QuestionId]) VALUES (N'4e29fe4a-e949-4d2c-851e-828e46db6463', N'b730edc2-b42a-11eb-8529-0242ac130003', N'e33e617c-b42c-11eb-8529-0242ac130003')
INSERT [dbo].[QuestionOptions] ([Id], [OptionId], [QuestionId]) VALUES (N'b18c6767-6cd6-4460-a78b-8585dccfb209', N'aa16e4fc-b42a-11eb-8529-0242ac130003', N'0af3dab2-b42d-11eb-8529-0242ac130003')
INSERT [dbo].[QuestionOptions] ([Id], [OptionId], [QuestionId]) VALUES (N'263bc9e9-7254-4a41-9099-8603dab463d2', N'b730edc2-b42a-11eb-8529-0242ac130003', N'88a4a364-b42e-11eb-8529-0242ac130003')
INSERT [dbo].[QuestionOptions] ([Id], [OptionId], [QuestionId]) VALUES (N'cef81203-1ab2-40a3-9592-878df67472ef', N'bdccfc52-b42a-11eb-8529-0242ac130003', N'f95162b6-b42c-11eb-8529-0242ac130003')
INSERT [dbo].[QuestionOptions] ([Id], [OptionId], [QuestionId]) VALUES (N'0d9176d0-c665-464c-9858-8c7f6acc1bf2', N'c2db002c-b42a-11eb-8529-0242ac130003', N'c111b6c0-b42d-11eb-8529-0242ac130003')
INSERT [dbo].[QuestionOptions] ([Id], [OptionId], [QuestionId]) VALUES (N'c6646ea0-fc3b-4ab6-8c32-8e0ed5f85f06', N'c8f56182-b42a-11eb-8529-0242ac130003', N'b1afff8e-b42d-11eb-8529-0242ac130003')
INSERT [dbo].[QuestionOptions] ([Id], [OptionId], [QuestionId]) VALUES (N'9ba10860-30e6-4a11-976a-8e79cafca268', N'5da46d24-b42a-11eb-8529-0242ac130003', N'914ca6e2-b42e-11eb-8529-0242ac130003')
INSERT [dbo].[QuestionOptions] ([Id], [OptionId], [QuestionId]) VALUES (N'5f09a575-4a61-42e1-833c-8f491274fd51', N'b730edc2-b42a-11eb-8529-0242ac130003', N'01e91432-b42d-11eb-8529-0242ac130003')
INSERT [dbo].[QuestionOptions] ([Id], [OptionId], [QuestionId]) VALUES (N'f0f2305a-4a8d-4c15-ad6c-8fb1180c2822', N'c2db002c-b42a-11eb-8529-0242ac130003', N'dcf108be-b42d-11eb-8529-0242ac130003')
INSERT [dbo].[QuestionOptions] ([Id], [OptionId], [QuestionId]) VALUES (N'ced784ff-a7f5-4644-aca0-90288754af27', N'c8f56182-b42a-11eb-8529-0242ac130003', N'b35b5530-b42e-11eb-8529-0242ac130003')
INSERT [dbo].[QuestionOptions] ([Id], [OptionId], [QuestionId]) VALUES (N'ef0f29ae-1ae8-4f7e-b024-937e0be5b089', N'c8f56182-b42a-11eb-8529-0242ac130003', N'c111b6c0-b42d-11eb-8529-0242ac130003')
INSERT [dbo].[QuestionOptions] ([Id], [OptionId], [QuestionId]) VALUES (N'e47d8935-b843-4d06-9b28-96b56a128214', N'c8f56182-b42a-11eb-8529-0242ac130003', N'99428bec-b42d-11eb-8529-0242ac130003')
INSERT [dbo].[QuestionOptions] ([Id], [OptionId], [QuestionId]) VALUES (N'64eedcaf-79e6-4c6b-aa3d-a15592d3ad2f', N'aa16e4fc-b42a-11eb-8529-0242ac130003', N'0f596112-b42d-11eb-8529-0242ac130003')
INSERT [dbo].[QuestionOptions] ([Id], [OptionId], [QuestionId]) VALUES (N'4d660cd1-95dc-4623-81f4-a730c85fd5b8', N'c2db002c-b42a-11eb-8529-0242ac130003', N'a507c4f6-b42d-11eb-8529-0242ac130003')
INSERT [dbo].[QuestionOptions] ([Id], [OptionId], [QuestionId]) VALUES (N'6c75385b-1031-44ab-84c5-a7354f4ec47a', N'b730edc2-b42a-11eb-8529-0242ac130003', N'0f596112-b42d-11eb-8529-0242ac130003')
INSERT [dbo].[QuestionOptions] ([Id], [OptionId], [QuestionId]) VALUES (N'e57dc401-c670-4f74-baa3-b487a01ea90d', N'c2db002c-b42a-11eb-8529-0242ac130003', N'bd695960-b42d-11eb-8529-0242ac130003')
INSERT [dbo].[QuestionOptions] ([Id], [OptionId], [QuestionId]) VALUES (N'040eea9a-69c3-409b-99b5-b4caad94435f', N'bdccfc52-b42a-11eb-8529-0242ac130003', N'f5013e84-b42c-11eb-8529-0242ac130003')
INSERT [dbo].[QuestionOptions] ([Id], [OptionId], [QuestionId]) VALUES (N'2dee5e19-8b2d-4ff9-a77c-b5dbc6e43b0e', N'aa16e4fc-b42a-11eb-8529-0242ac130003', N'ea6a3fca-b42c-11eb-8529-0242ac130003')
INSERT [dbo].[QuestionOptions] ([Id], [OptionId], [QuestionId]) VALUES (N'1f9b6dfb-6315-49f6-acdd-b6b20aae97f8', N'c8f56182-b42a-11eb-8529-0242ac130003', N'dcf108be-b42d-11eb-8529-0242ac130003')
INSERT [dbo].[QuestionOptions] ([Id], [OptionId], [QuestionId]) VALUES (N'25db6906-36b8-4689-adf7-b79ce108e99d', N'bdccfc52-b42a-11eb-8529-0242ac130003', N'fdb85a8a-b42c-11eb-8529-0242ac130003')
INSERT [dbo].[QuestionOptions] ([Id], [OptionId], [QuestionId]) VALUES (N'aa168875-777b-4566-8b19-b8cf4d259bc5', N'c8f56182-b42a-11eb-8529-0242ac130003', N'a0445f38-b42d-11eb-8529-0242ac130003')
INSERT [dbo].[QuestionOptions] ([Id], [OptionId], [QuestionId]) VALUES (N'7315b17f-126e-4d1c-9cc9-bc115149714f', N'b02ac7dc-b42a-11eb-8529-0242ac130003', N'0f596112-b42d-11eb-8529-0242ac130003')
INSERT [dbo].[QuestionOptions] ([Id], [OptionId], [QuestionId]) VALUES (N'bea1a6ff-c31b-462d-a394-bf1c63e2d8d8', N'b02ac7dc-b42a-11eb-8529-0242ac130003', N'f95162b6-b42c-11eb-8529-0242ac130003')
INSERT [dbo].[QuestionOptions] ([Id], [OptionId], [QuestionId]) VALUES (N'755d96bf-57a4-441b-9961-c14431da77be', N'c8f56182-b42a-11eb-8529-0242ac130003', N'd8cec14a-b42d-11eb-8529-0242ac130003')
INSERT [dbo].[QuestionOptions] ([Id], [OptionId], [QuestionId]) VALUES (N'cde123ae-49c3-43b4-95d4-c187e7cae3d7', N'c2db002c-b42a-11eb-8529-0242ac130003', N'acfceb5a-b42d-11eb-8529-0242ac130003')
INSERT [dbo].[QuestionOptions] ([Id], [OptionId], [QuestionId]) VALUES (N'97cb87fd-0943-4f35-a02e-c754817c490a', N'c2db002c-b42a-11eb-8529-0242ac130003', N'9e59dd5a-b42e-11eb-8529-0242ac130003')
INSERT [dbo].[QuestionOptions] ([Id], [OptionId], [QuestionId]) VALUES (N'dbcc57ba-2461-4893-ac48-c92fd2d2c314', N'c8f56182-b42a-11eb-8529-0242ac130003', N'a90a4c22-b42d-11eb-8529-0242ac130003')
INSERT [dbo].[QuestionOptions] ([Id], [OptionId], [QuestionId]) VALUES (N'68373439-4415-47cd-a2ff-c949cf935fd2', N'aa16e4fc-b42a-11eb-8529-0242ac130003', N'f5013e84-b42c-11eb-8529-0242ac130003')
INSERT [dbo].[QuestionOptions] ([Id], [OptionId], [QuestionId]) VALUES (N'e290ffc3-3d2a-48c8-9438-ca7b0ab12d81', N'c8f56182-b42a-11eb-8529-0242ac130003', N'9e59dd5a-b42e-11eb-8529-0242ac130003')
INSERT [dbo].[QuestionOptions] ([Id], [OptionId], [QuestionId]) VALUES (N'db769c0d-a4d7-4a50-a641-cc0646b5c402', N'c2db002c-b42a-11eb-8529-0242ac130003', N'b1afff8e-b42d-11eb-8529-0242ac130003')
INSERT [dbo].[QuestionOptions] ([Id], [OptionId], [QuestionId]) VALUES (N'169f22fe-793f-4c85-a21f-d007e4195bff', N'c2db002c-b42a-11eb-8529-0242ac130003', N'94a25f36-b42d-11eb-8529-0242ac130003')
INSERT [dbo].[QuestionOptions] ([Id], [OptionId], [QuestionId]) VALUES (N'1f30780e-3330-49e2-8727-d04f99cf2040', N'b730edc2-b42a-11eb-8529-0242ac130003', N'96261bda-b42e-11eb-8529-0242ac130003')
GO
INSERT [dbo].[QuestionOptions] ([Id], [OptionId], [QuestionId]) VALUES (N'135f4be1-50a3-475e-8dcb-d2784129ca4e', N'b02ac7dc-b42a-11eb-8529-0242ac130003', N'0af3dab2-b42d-11eb-8529-0242ac130003')
INSERT [dbo].[QuestionOptions] ([Id], [OptionId], [QuestionId]) VALUES (N'4ef08efd-ae50-4848-9aa2-d3d741908b04', N'5da46d24-b42a-11eb-8529-0242ac130003', N'88a4a364-b42e-11eb-8529-0242ac130003')
INSERT [dbo].[QuestionOptions] ([Id], [OptionId], [QuestionId]) VALUES (N'da44a089-4c2c-484b-ba87-d78d62a71e56', N'c2db002c-b42a-11eb-8529-0242ac130003', N'bd4bdaba-b42e-11eb-8529-0242ac130003')
INSERT [dbo].[QuestionOptions] ([Id], [OptionId], [QuestionId]) VALUES (N'0b91e80b-7441-44f7-a4dc-d813b28b9659', N'c8f56182-b42a-11eb-8529-0242ac130003', N'a314a65e-b42e-11eb-8529-0242ac130003')
INSERT [dbo].[QuestionOptions] ([Id], [OptionId], [QuestionId]) VALUES (N'a0d47cc5-28f9-46ed-ada0-d8e1028e04b4', N'bdccfc52-b42a-11eb-8529-0242ac130003', N'8c87f86e-b42e-11eb-8529-0242ac130003')
INSERT [dbo].[QuestionOptions] ([Id], [OptionId], [QuestionId]) VALUES (N'e0620ed5-3659-4754-a491-daaa87ac2f54', N'c8f56182-b42a-11eb-8529-0242ac130003', N'9a2b552e-b42e-11eb-8529-0242ac130003')
INSERT [dbo].[QuestionOptions] ([Id], [OptionId], [QuestionId]) VALUES (N'778399ed-c07f-4edf-b8c3-dbc9b17bfa34', N'5da46d24-b42a-11eb-8529-0242ac130003', N'fdb85a8a-b42c-11eb-8529-0242ac130003')
INSERT [dbo].[QuestionOptions] ([Id], [OptionId], [QuestionId]) VALUES (N'0a3434c8-6fa6-4f4d-86b9-deaa2d3fd3eb', N'c2db002c-b42a-11eb-8529-0242ac130003', N'90b00586-b42d-11eb-8529-0242ac130003')
INSERT [dbo].[QuestionOptions] ([Id], [OptionId], [QuestionId]) VALUES (N'c6b3b353-0377-4a08-a6fe-dee803c00d5e', N'b730edc2-b42a-11eb-8529-0242ac130003', N'914ca6e2-b42e-11eb-8529-0242ac130003')
INSERT [dbo].[QuestionOptions] ([Id], [OptionId], [QuestionId]) VALUES (N'1c4acd6d-4eee-44d2-b1ba-dfa3cbd34ca0', N'c2db002c-b42a-11eb-8529-0242ac130003', N'd8cec14a-b42d-11eb-8529-0242ac130003')
INSERT [dbo].[QuestionOptions] ([Id], [OptionId], [QuestionId]) VALUES (N'd5da77bf-b109-4e30-9839-e1bc6b4f7565', N'aa16e4fc-b42a-11eb-8529-0242ac130003', N'96261bda-b42e-11eb-8529-0242ac130003')
INSERT [dbo].[QuestionOptions] ([Id], [OptionId], [QuestionId]) VALUES (N'37fe6594-2aab-406c-b1de-e4edd09d82dd', N'b730edc2-b42a-11eb-8529-0242ac130003', N'f5013e84-b42c-11eb-8529-0242ac130003')
INSERT [dbo].[QuestionOptions] ([Id], [OptionId], [QuestionId]) VALUES (N'c9f9ecc0-1637-4570-90aa-e531b6e4daa6', N'5da46d24-b42a-11eb-8529-0242ac130003', N'01e91432-b42d-11eb-8529-0242ac130003')
INSERT [dbo].[QuestionOptions] ([Id], [OptionId], [QuestionId]) VALUES (N'95fafcb2-f7cf-4226-9cc1-ec60de8fc7fe', N'c2db002c-b42a-11eb-8529-0242ac130003', N'f062e918-b42c-11eb-8529-0242ac130003')
INSERT [dbo].[QuestionOptions] ([Id], [OptionId], [QuestionId]) VALUES (N'd2e89452-c1e3-4e76-b5ca-f25a43082dc1', N'c8f56182-b42a-11eb-8529-0242ac130003', N'94a25f36-b42d-11eb-8529-0242ac130003')
INSERT [dbo].[QuestionOptions] ([Id], [OptionId], [QuestionId]) VALUES (N'39b96a4f-66c0-4fdc-9426-f2b3c25c6a2b', N'bdccfc52-b42a-11eb-8529-0242ac130003', N'e33e617c-b42c-11eb-8529-0242ac130003')
INSERT [dbo].[QuestionOptions] ([Id], [OptionId], [QuestionId]) VALUES (N'1c2b2556-07c5-4a48-969b-f31c14f42726', N'bdccfc52-b42a-11eb-8529-0242ac130003', N'06ab8fa4-b42d-11eb-8529-0242ac130003')
INSERT [dbo].[QuestionOptions] ([Id], [OptionId], [QuestionId]) VALUES (N'379b6529-a4d2-457c-99a4-f4413c537ee6', N'aa16e4fc-b42a-11eb-8529-0242ac130003', N'f95162b6-b42c-11eb-8529-0242ac130003')
INSERT [dbo].[QuestionOptions] ([Id], [OptionId], [QuestionId]) VALUES (N'66f5d06a-9496-474f-bd76-f90c6fc17a3c', N'c2db002c-b42a-11eb-8529-0242ac130003', N'a767b8cc-b42e-11eb-8529-0242ac130003')
INSERT [dbo].[QuestionOptions] ([Id], [OptionId], [QuestionId]) VALUES (N'd590d1b2-ca20-47d0-86a5-fea8b6547ace', N'c8f56182-b42a-11eb-8529-0242ac130003', N'd425fbae-b42d-11eb-8529-0242ac130003')
INSERT [dbo].[QuestionOptions] ([Id], [OptionId], [QuestionId]) VALUES (N'63b6ee61-eed0-4a14-90d4-fedee36edc3d', N'c8f56182-b42a-11eb-8529-0242ac130003', N'acfceb5a-b42d-11eb-8529-0242ac130003')
GO
INSERT [dbo].[StatusType] ([Id], [Name]) VALUES (1, N'Active                                            ')
INSERT [dbo].[StatusType] ([Id], [Name]) VALUES (2, N'Completed                                         ')
INSERT [dbo].[StatusType] ([Id], [Name]) VALUES (3, N'Inactive                                          ')
INSERT [dbo].[StatusType] ([Id], [Name]) VALUES (4, N'OnHold                                            ')
GO
INSERT [dbo].[Stage] ([Id], [StageNumber], [Name], [StartDate], [EndDate], [ApprovalRequired], [ProgramVersionId]) VALUES (N'4fffc534-1d83-12d5-b264-1e17f2abd322', 1, N'Diagnosis', N'2020-11-15T00:00:00.0000000Z', N'2020-12-05T00:00:00.0000000Z', 1, N'4fffc534-1d83-14d5-b264-1e17f2abd322')
INSERT [dbo].[Stage] ([Id], [StageNumber], [Name], [StartDate], [EndDate], [ApprovalRequired], [ProgramVersionId]) VALUES (N'4fffc534-1d83-13d5-b264-1e17f2abd322', 2, N'Backend', N'2021-05-06T00:00:00.0000000Z', N'2021-06-06T00:00:00.0000000Z', 1, N'4fffc534-1d83-14d5-b264-1e17f2abd322')
INSERT [dbo].[Stage] ([Id], [StageNumber], [Name], [StartDate], [EndDate], [ApprovalRequired], [ProgramVersionId]) VALUES (N'4fffc534-1d83-14d5-b264-1e17f2abd322', 3, N'Frontend', N'2021-01-27T00:00:00.0000000Z', N'2021-02-28T00:00:00.0000000Z', 0, N'4fffc534-1d83-14d5-b264-1e17f2abd322')
INSERT [dbo].[Stage] ([Id], [StageNumber], [Name], [StartDate], [EndDate], [ApprovalRequired], [ProgramVersionId]) VALUES (N'4fffc534-1d83-15d5-b264-1e17f2abd322', 4, N'Full Stack', N'2022-03-30T00:00:00.0000000Z', N'2022-04-20T00:00:00.0000000Z', 1, N'4fffc534-1d83-15d5-b264-1e17f2abd322')
INSERT [dbo].[Stage] ([Id], [StageNumber], [Name], [StartDate], [EndDate], [ApprovalRequired], [ProgramVersionId]) VALUES (N'4fffc534-1d83-16d5-b264-1e17f2abd322', 5, N'Team Project', N'2023-04-21T00:00:00.0000000Z', N'2023-06-05T00:00:00.0000000Z', 1, N'4fffc534-1d83-14d5-b264-1e17f2abd322')

GO
INSERT [dbo].[Subject] ([Id], [SubjectNumber], [Name], [UserId], [StageId]) VALUES (N'df215e10-8bd4-4401-b2dc-99bb03135f01', 7, N'Coordinator', N'3fffc534-1d83-44d5-b264-1e17feabd322', N'4fffc534-1d83-12d5-b264-1e17f2abd322')
INSERT [dbo].[Subject] ([Id], [SubjectNumber], [Name], [UserId], [StageId]) VALUES (N'df215e10-8bd4-4401-b2dc-99bb03135f02', 7, N'Coordinator', N'3fffc534-1d83-44d5-b264-1e17feabd322', N'4fffc534-1d83-13d5-b264-1e17f2abd322')
INSERT [dbo].[Subject] ([Id], [SubjectNumber], [Name], [UserId], [StageId]) VALUES (N'df215e10-8bd4-4401-b2dc-99bb03135f03', 7, N'Coordinator', N'3fffc534-1d83-44d5-b264-1e17feabd322', N'4fffc534-1d83-14d5-b264-1e17f2abd322')
INSERT [dbo].[Subject] ([Id], [SubjectNumber], [Name], [UserId], [StageId]) VALUES (N'df215e10-8bd4-4401-b2dc-99bb03135f04', 7, N'Coordinator', N'3fffc534-1d83-44d5-b264-1e17feabd322', N'4fffc534-1d83-15d5-b264-1e17f2abd322')
INSERT [dbo].[Subject] ([Id], [SubjectNumber], [Name], [UserId], [StageId]) VALUES (N'df215e10-8bd4-4401-b2dc-99bb03135f05', 7, N'Coordinator', N'3fffc534-1d83-44d5-b264-1e17feabd322', N'4fffc534-1d83-16d5-b264-1e17f2abd322')
INSERT [dbo].[Subject] ([Id], [SubjectNumber], [Name], [UserId], [StageId]) VALUES (N'df215e10-8bd4-4401-b2dc-99bb03135f06', 1, N'Monitoring', N'21ffc534-1d83-44d5-b264-1e17feabd322', N'4fffc534-1d83-12d5-b264-1e17f2abd322')
INSERT [dbo].[Subject] ([Id], [SubjectNumber], [Name], [UserId], [StageId]) VALUES (N'df215e10-8bd4-4401-b2dc-99bb03135f07', 1, N'Monitoring', N'21ffc534-1d83-44d5-b264-1e17feabd322', N'4fffc534-1d83-13d5-b264-1e17f2abd322')
INSERT [dbo].[Subject] ([Id], [SubjectNumber], [Name], [UserId], [StageId]) VALUES (N'df215e10-8bd4-4401-b2dc-99bb03135f08', 1, N'Monitoring', N'21ffc534-1d83-44d5-b264-1e17feabd322', N'4fffc534-1d83-14d5-b264-1e17f2abd322')
INSERT [dbo].[Subject] ([Id], [SubjectNumber], [Name], [UserId], [StageId]) VALUES (N'df215e10-8bd4-4401-b2dc-99bb03135f09', 1, N'Monitoring', N'21ffc534-1d83-44d5-b264-1e17feabd322', N'4fffc534-1d83-15d5-b264-1e17f2abd322')
INSERT [dbo].[Subject] ([Id], [SubjectNumber], [Name], [UserId], [StageId]) VALUES (N'df215e10-8bd4-4401-b2dc-99bb03135f10', 1, N'Monitoring', N'21ffc534-1d83-44d5-b264-1e17feabd322', N'4fffc534-1d83-16d5-b264-1e17f2abd322')
INSERT [dbo].[Subject] ([Id], [SubjectNumber], [Name], [UserId], [StageId]) VALUES (N'df215e10-8bd4-4401-b2dc-99bb03135f11', 2, N'Python', N'22ffc534-1d83-44d5-b264-1e17feabd322', N'4fffc534-1d83-13d5-b264-1e17f2abd322')
INSERT [dbo].[Subject] ([Id], [SubjectNumber], [Name], [UserId], [StageId]) VALUES (N'df215e10-8bd4-4401-b2dc-99bb03135f12', 3, N'C#', N'22ffc534-1d83-44d5-b264-1e17feabd322', N'4fffc534-1d83-13d5-b264-1e17f2abd322')
INSERT [dbo].[Subject] ([Id], [SubjectNumber], [Name], [UserId], [StageId]) VALUES (N'df215e10-8bd4-4401-b2dc-99bb03135f13', 4, N'JavaScript', N'22ffc534-1d83-44d5-b264-1e17feabd322', N'4fffc534-1d83-14d5-b264-1e17f2abd322')
INSERT [dbo].[Subject] ([Id], [SubjectNumber], [Name], [UserId], [StageId]) VALUES (N'df215e10-8bd4-4401-b2dc-99bb03135f14', 5, N'React', N'22ffc534-1d83-44d5-b264-1e17feabd322', N'4fffc534-1d83-14d5-b264-1e17f2abd322')

GO
INSERT [dbo].[Scholar] ([Id], [PersonId], [University], [InstitutionalEmail], [Career], [AcademicDegree], [StatusTypeId], [SubjectId]) VALUES (N'11221111-1d83-44d5-b264-1e17feabd322', N'11111117-1d83-44d5-b264-1e17feabd322', N'UMSS', N'eliot.fuentes@fundacion-jala.org', N'Sistemas', N'Graduate', 4, N'df215e10-8bd4-4401-b2dc-99bb03135f01')
INSERT [dbo].[Scholar] ([Id], [PersonId], [University], [InstitutionalEmail], [Career], [AcademicDegree], [StatusTypeId], [SubjectId]) VALUES (N'11221118-1d83-44d5-b264-1e17feabd322', N'11111118-1d83-44d5-b264-1e17feabd322', N'Univalle', N'miguel.villanueva@fundacion-jala.org', N'Sistemas', N'7thSemester', 1, N'df215e10-8bd4-4401-b2dc-99bb03135f01')
INSERT [dbo].[Scholar] ([Id], [PersonId], [University], [InstitutionalEmail], [Career], [AcademicDegree], [StatusTypeId], [SubjectId]) VALUES (N'11111119-1d83-44d5-b264-1e17feabd322', N'11111119-1d83-44d5-b264-1e17feabd322', N'Univalle', N'eliot.fuentes@fundacion-jala.org', N'Sistemas', N'Graduate', 1, N'df215e10-8bd4-4401-b2dc-99bb03135f01')
INSERT [dbo].[Scholar] ([Id], [PersonId], [University], [InstitutionalEmail], [Career], [AcademicDegree], [StatusTypeId], [SubjectId]) VALUES (N'11111120-1d83-44d5-b264-1e17feabd322', N'11111120-1d83-44d5-b264-1e17feabd322', N'Saracho', N'eliot.fuentes@fundacion-jala.org', N'Informatica', N'Graduate', 1, N'df215e10-8bd4-4401-b2dc-99bb03135f01')
INSERT [dbo].[Scholar] ([Id], [PersonId], [University], [InstitutionalEmail], [Career], [AcademicDegree], [StatusTypeId], [SubjectId]) VALUES (N'11111121-1d83-44d5-b264-1e17feabd322', N'11111121-1d83-44d5-b264-1e17feabd322', N'UPDS', N'eliot.fuentes@fundacion-jala.org', N'Redes', N'8th Semester', 1, N'df215e10-8bd4-4401-b2dc-99bb03135f01')
GO

INSERT [dbo].[ScholarPrograms] ([ScholarId], [ProgramVersionId], [EnrollDate], [EndDate], [Description]) VALUES (N'11221111-1d83-44d5-b264-1e17feabd322', N'4fffc534-1d83-13d5-b264-1e17f2abd322', N'2020-01-17T00:00:00.0000000Z', N'2021-01-13T00:00:00.0000000Z', NULL)
INSERT [dbo].[ScholarPrograms] ([ScholarId], [ProgramVersionId], [EnrollDate], [EndDate], [Description]) VALUES (N'11221111-1d83-44d5-b264-1e17feabd322', N'4fffc534-1d83-14d5-b264-1e17f2abd322', N'2021-01-16T00:00:00.0000000Z', NULL, NULL)
INSERT [dbo].[ScholarPrograms] ([ScholarId], [ProgramVersionId], [EnrollDate], [EndDate], [Description]) VALUES (N'11221118-1d83-44d5-b264-1e17feabd322', N'4fffc534-1d83-14d5-b264-1e17f2abd322', N'2020-01-17T00:00:00.0000000Z', NULL, NULL)
INSERT [dbo].[ScholarPrograms] ([ScholarId], [ProgramVersionId], [EnrollDate], [EndDate], [Description]) VALUES (N'11111119-1d83-44d5-b264-1e17feabd322', N'4fffc534-1d83-14d5-b264-1e17f2abd322', N'2020-01-17T00:00:00.0000000Z', NULL, N'a')
INSERT [dbo].[ScholarPrograms] ([ScholarId], [ProgramVersionId], [EnrollDate], [EndDate], [Description]) VALUES (N'11111120-1d83-44d5-b264-1e17feabd322', N'3fffc534-1d83-34d5-b264-1e17f2abd322', N'2020-01-17T00:00:00.0000000Z', NULL, N'')
INSERT [dbo].[ScholarPrograms] ([ScholarId], [ProgramVersionId], [EnrollDate], [EndDate], [Description]) VALUES (N'11111121-1d83-44d5-b264-1e17feabd322', N'2ce69f92-1d83-24d5-b264-1e17f2abd322', N'2020-01-17T00:00:00.0000000Z', NULL, NULL)
GO
INSERT [dbo].[StatusHistory] ([ScholarId], [UserId], [OldStatus], [CurrentStatus], [Description], [CreateAt], [ModifiedAt], [Id], [SubjectId]) VALUES (N'11221111-1d83-44d5-b264-1e17feabd322', N'22ffc534-1d83-44d5-b264-1e17feabd322', 1, 2, N'Change to completed statusdddd', CAST(N'2021-09-08T19:41:09.373' AS DateTime), CAST(N'2021-09-08T19:44:16.840' AS DateTime), N'734dc3a7-4318-4ebe-d1bf-08d973222277', N'df215e10-8bd4-4401-b2dc-99bb03135f01')
INSERT [dbo].[StatusHistory] ([ScholarId], [UserId], [OldStatus], [CurrentStatus], [Description], [CreateAt], [ModifiedAt], [Id], [SubjectId]) VALUES (N'11221111-1d83-44d5-b264-1e17feabd322', N'4fffc534-1d83-44d5-b264-1e17feabd322', 2, 3, N'change the status to inactive', CAST(N'2021-10-01T14:05:00.897' AS DateTime), CAST(N'2021-10-01T14:05:00.900' AS DateTime), N'd25db317-67c6-4fc1-6788-08d98505fc9e', N'df215e10-8bd4-4401-b2dc-99bb03135f01')
INSERT [dbo].[StatusHistory] ([ScholarId], [UserId], [OldStatus], [CurrentStatus], [Description], [CreateAt], [ModifiedAt], [Id], [SubjectId]) VALUES (N'11221111-1d83-44d5-b264-1e17feabd322', N'4fffc534-1d83-44d5-b264-1e17feabd322', 3, 2, N'change status to complete', CAST(N'2021-10-01T14:05:12.220' AS DateTime), CAST(N'2021-10-01T14:05:12.220' AS DateTime), N'e4e718c9-988e-49b5-6789-08d98505fc9e', N'df215e10-8bd4-4401-b2dc-99bb03135f01')
INSERT [dbo].[StatusHistory] ([ScholarId], [UserId], [OldStatus], [CurrentStatus], [Description], [CreateAt], [ModifiedAt], [Id], [SubjectId]) VALUES (N'11221111-1d83-44d5-b264-1e17feabd322', N'4fffc534-1d83-44d5-b264-1e17feabd322', 2, 1, N'change status to active', CAST(N'2021-10-01T14:05:30.543' AS DateTime), CAST(N'2021-10-01T14:05:30.543' AS DateTime), N'b766df45-a8db-4ce3-678a-08d98505fc9e', N'df215e10-8bd4-4401-b2dc-99bb03135f01')
INSERT [dbo].[StatusHistory] ([ScholarId], [UserId], [OldStatus], [CurrentStatus], [Description], [CreateAt], [ModifiedAt], [Id], [SubjectId]) VALUES (N'11221111-1d83-44d5-b264-1e17feabd322', N'4fffc534-1d83-44d5-b264-1e17feabd322', 1, 4, N'change status to onhold', CAST(N'2021-10-01T14:05:48.300' AS DateTime), CAST(N'2021-10-01T14:05:48.300' AS DateTime), N'1ab7a233-eb86-4804-678b-08d98505fc9e', N'df215e10-8bd4-4401-b2dc-99bb03135f01')
GO
INSERT [dbo].[Evaluation] ([Id], [ScholarId], [StageId], [OverallRating], [GeneralComments], [Goals], [IsRecommended], [IsClosed], [CurrentVersion]) VALUES (N'731b3aca-47c3-432d-4544-08d91f1f8a81', N'11221111-1d83-44d5-b264-1e17feabd322', N'4fffc534-1d83-13d5-b264-1e17f2abd322', 3, N'good work, keep with that actitude.', N'sleep less and work harder.', 1, 0, 3)
INSERT [dbo].[Evaluation] ([Id], [ScholarId], [StageId], [OverallRating], [GeneralComments], [Goals], [IsRecommended], [IsClosed], [CurrentVersion]) VALUES (N'4e1aca24-ac45-4720-4545-08d91f1f8a81', N'11221118-1d83-44d5-b264-1e17feabd322', N'4fffc534-1d83-13d5-b264-1e17f2abd322', 2, N'good, but not good enough.', N'study more SOLID, design patterns and all that stuff.', 0, 1, 3)
INSERT [dbo].[Evaluation] ([Id], [ScholarId], [StageId], [OverallRating], [GeneralComments], [Goals], [IsRecommended], [IsClosed], [CurrentVersion]) VALUES (N'eb81744c-0220-4e22-4546-08d91f1f8a81', N'11111119-1d83-44d5-b264-1e17feabd322', N'4fffc534-1d83-13d5-b264-1e17f2abd322', 3, NULL, NULL, 1, 0, 2)
INSERT [dbo].[Evaluation] ([Id], [ScholarId], [StageId], [OverallRating], [GeneralComments], [Goals], [IsRecommended], [IsClosed], [CurrentVersion]) VALUES (N'08308360-0d69-4cbe-7bbe-08d95c177862', N'11221111-1d83-44d5-b264-1e17feabd322', N'4fffc534-1d83-12d5-b264-1e17f2abd322', 5, NULL, NULL, 0, 0, 1)
INSERT [dbo].[Evaluation] ([Id], [ScholarId], [StageId], [OverallRating], [GeneralComments], [Goals], [IsRecommended], [IsClosed], [CurrentVersion]) VALUES (N'be74dad2-5b7e-4ffd-7bbf-08d95c177862', N'11221111-1d83-44d5-b264-1e17feabd322', N'4fffc534-1d83-14d5-b264-1e17f2abd322', 3, NULL, NULL, 0, 0, 1)
INSERT [dbo].[Evaluation] ([Id], [ScholarId], [StageId], [OverallRating], [GeneralComments], [Goals], [IsRecommended], [IsClosed], [CurrentVersion]) VALUES (N'0dd67c8b-ee70-47d0-c0c2-08d983a37196', N'11221118-1d83-44d5-b264-1e17feabd322', N'4fffc534-1d83-14d5-b264-1e17f2abd322', 3, NULL, NULL, 0, 0, 1)
INSERT [dbo].[Evaluation] ([Id], [ScholarId], [StageId], [OverallRating], [GeneralComments], [Goals], [IsRecommended], [IsClosed], [CurrentVersion]) VALUES (N'5974546f-a219-4dab-c0c3-08d983a37196', N'11221118-1d83-44d5-b264-1e17feabd322', N'4fffc534-1d83-12d5-b264-1e17f2abd322', 4, NULL, NULL, 0, 0, 1)
GO
INSERT [dbo].[Event] ([Id], [CreatedAt], [ModifiedAt], [Title], [Description], [UserId], [ScholarId], [SubjectId], [EventTypeId]) VALUES (N'0ba027db-be71-4d82-a1a5-08d95c170c49', CAST(N'2021-08-10T15:53:50.847' AS DateTime), CAST(N'2021-08-10T15:53:50.847' AS DateTime), N'This an event', N'This is a description.', N'22ffc534-1d83-44d5-b264-1e17feabd322', N'11221111-1d83-44d5-b264-1e17feabd322', N'df215e10-8bd4-4401-b2dc-99bb03135f02', N'16d3d984-672d-4e31-90e1-4206375a4b9b')
INSERT [dbo].[Event] ([Id], [CreatedAt], [ModifiedAt], [Title], [Description], [UserId], [ScholarId], [SubjectId], [EventTypeId]) VALUES (N'5544ef63-f601-4125-8d55-08d9731c85b6', CAST(N'2021-09-08T23:00:58.907' AS DateTime), CAST(N'2021-09-08T19:01:42.233' AS DateTime), N'Uptadetssdasda', N'asdasdasdasdasda', N'22ffc534-1d83-44d5-b264-1e17feabd322', N'11221111-1d83-44d5-b264-1e17feabd322', N'df215e10-8bd4-4401-b2dc-99bb03135f01', N'16d3d984-672d-4e31-90e1-4206375a4b9b')
INSERT [dbo].[Event] ([Id], [CreatedAt], [ModifiedAt], [Title], [Description], [UserId], [ScholarId], [SubjectId], [EventTypeId]) VALUES (N'0f3c6480-1f9e-481e-92db-08d98372a79e', CAST(N'2021-09-29T17:57:51.100' AS DateTime), CAST(N'2021-09-29T17:57:51.100' AS DateTime), N'Incident Event', N'Incident Event', N'4fffc534-1d83-44d5-b264-1e17feabd322', N'11221111-1d83-44d5-b264-1e17feabd322', N'df215e10-8bd4-4401-b2dc-99bb03135f07', N'26d3d985-672d-4e31-9a07-4206375a4b9b')
INSERT [dbo].[Event] ([Id], [CreatedAt], [ModifiedAt], [Title], [Description], [UserId], [ScholarId], [SubjectId], [EventTypeId]) VALUES (N'd48abbc1-ef9b-4e7d-92dc-08d98372a79e', CAST(N'2021-09-29T17:58:17.007' AS DateTime), CAST(N'2021-09-29T17:58:17.007' AS DateTime), N'Informational Event', N'Informational Event', N'4fffc534-1d83-44d5-b264-1e17feabd322', N'11221111-1d83-44d5-b264-1e17feabd322', N'df215e10-8bd4-4401-b2dc-99bb03135f08', N'16d3d984-672d-4e31-9ae6-4206375a4b9b')
INSERT [dbo].[Event] ([Id], [CreatedAt], [ModifiedAt], [Title], [Description], [UserId], [ScholarId], [SubjectId], [EventTypeId]) VALUES (N'a59fb3bc-1568-4bed-92dd-08d98372a79e', CAST(N'2021-09-29T17:58:49.990' AS DateTime), CAST(N'2021-09-29T17:58:49.990' AS DateTime), N'Accomplishment event', N'Accomplishment Event', N'4fffc534-1d83-44d5-b264-1e17feabd322', N'11221111-1d83-44d5-b264-1e17feabd322', N'df215e10-8bd4-4401-b2dc-99bb03135f12', N'16d3d984-672d-4e31-90e1-4206375a4b9b')
INSERT [dbo].[Event] ([Id], [CreatedAt], [ModifiedAt], [Title], [Description], [UserId], [ScholarId], [SubjectId], [EventTypeId]) VALUES (N'c405b302-3417-4f1b-92de-08d98372a79e', CAST(N'2021-09-29T18:00:41.483' AS DateTime), CAST(N'2021-09-29T18:00:41.483' AS DateTime), N'Informational event 2', N'Informational Event', N'4fffc534-1d83-44d5-b264-1e17feabd322', N'11221111-1d83-44d5-b264-1e17feabd322', N'df215e10-8bd4-4401-b2dc-99bb03135f08', N'16d3d984-672d-4e31-9ae6-4206375a4b9b')
INSERT [dbo].[Event] ([Id], [CreatedAt], [ModifiedAt], [Title], [Description], [UserId], [ScholarId], [SubjectId], [EventTypeId]) VALUES (N'72a5edae-4149-4c72-92df-08d98372a79e', CAST(N'2021-09-29T18:01:28.387' AS DateTime), CAST(N'2021-09-29T18:01:28.387' AS DateTime), N'Python event', N'Python event', N'4fffc534-1d83-44d5-b264-1e17feabd322', N'11221111-1d83-44d5-b264-1e17feabd322', N'df215e10-8bd4-4401-b2dc-99bb03135f11', N'26d3d985-672d-4e31-9a07-4206375a4b9b')
INSERT [dbo].[Event] ([Id], [CreatedAt], [ModifiedAt], [Title], [Description], [UserId], [ScholarId], [SubjectId], [EventTypeId]) VALUES (N'7eb771d2-dc13-431e-92e0-08d98372a79e', CAST(N'2021-09-29T18:01:41.927' AS DateTime), CAST(N'2021-09-29T18:01:41.927' AS DateTime), N'Python event 2', N'Python event 2', N'4fffc534-1d83-44d5-b264-1e17feabd322', N'11221111-1d83-44d5-b264-1e17feabd322', N'df215e10-8bd4-4401-b2dc-99bb03135f11', N'16d3d984-672d-4e31-9ae6-4206375a4b9b')
INSERT [dbo].[Event] ([Id], [CreatedAt], [ModifiedAt], [Title], [Description], [UserId], [ScholarId], [SubjectId], [EventTypeId]) VALUES (N'1b5754fc-f002-483c-92e1-08d98372a79e', CAST(N'2021-09-29T18:01:55.713' AS DateTime), CAST(N'2021-09-29T18:01:55.713' AS DateTime), N'Python event 3', N'Python event 3', N'4fffc534-1d83-44d5-b264-1e17feabd322', N'11221111-1d83-44d5-b264-1e17feabd322', N'df215e10-8bd4-4401-b2dc-99bb03135f11', N'16d3d984-672d-4e31-9ae6-4206375a4b9b')
INSERT [dbo].[Event] ([Id], [CreatedAt], [ModifiedAt], [Title], [Description], [UserId], [ScholarId], [SubjectId], [EventTypeId]) VALUES (N'105d5283-379c-4a54-92e2-08d98372a79e', CAST(N'2021-09-29T18:02:17.330' AS DateTime), CAST(N'2021-09-29T18:02:17.330' AS DateTime), N'Javascript Event', N'Event test', N'4fffc534-1d83-44d5-b264-1e17feabd322', N'11221111-1d83-44d5-b264-1e17feabd322', N'df215e10-8bd4-4401-b2dc-99bb03135f13', N'26d3d985-672d-4e31-9a07-4206375a4b9b')
INSERT [dbo].[Event] ([Id], [CreatedAt], [ModifiedAt], [Title], [Description], [UserId], [ScholarId], [SubjectId], [EventTypeId]) VALUES (N'7a9effad-0e8a-437a-92e3-08d98372a79e', CAST(N'2021-09-29T18:03:31.867' AS DateTime), CAST(N'2021-09-30T16:43:42.413' AS DateTime), N'Monitoring Event', N'Description for test the search', N'4fffc534-1d83-44d5-b264-1e17feabd322', N'11221111-1d83-44d5-b264-1e17feabd322', N'df215e10-8bd4-4401-b2dc-99bb03135f09', N'16d3d984-672d-4e31-9ae6-4206375a4b9b')
INSERT [dbo].[Event] ([Id], [CreatedAt], [ModifiedAt], [Title], [Description], [UserId], [ScholarId], [SubjectId], [EventTypeId]) VALUES (N'a9ba39b4-f9c7-40b9-3fc9-08d98442a55b', CAST(N'2021-09-30T18:46:42.637' AS DateTime), CAST(N'2021-09-30T18:46:42.637' AS DateTime), N'event full stack', N'event full stack', N'4fffc534-1d83-44d5-b264-1e17feabd322', N'11221111-1d83-44d5-b264-1e17feabd322', N'df215e10-8bd4-4401-b2dc-99bb03135f09', N'26d3d985-672d-4e31-9a07-4206375a4b9b')
INSERT [dbo].[Event] ([Id], [CreatedAt], [ModifiedAt], [Title], [Description], [UserId], [ScholarId], [SubjectId], [EventTypeId]) VALUES (N'a9f2b450-515a-4fa1-3fca-08d98442a55b', CAST(N'2021-09-30T18:47:20.737' AS DateTime), CAST(N'2021-09-30T18:47:20.737' AS DateTime), N'Monitoring event', N'Monitoring event', N'4fffc534-1d83-44d5-b264-1e17feabd322', N'11221111-1d83-44d5-b264-1e17feabd322', N'df215e10-8bd4-4401-b2dc-99bb03135f10', N'16d3d984-672d-4e31-9ae6-4206375a4b9b')
INSERT [dbo].[Event] ([Id], [CreatedAt], [ModifiedAt], [Title], [Description], [UserId], [ScholarId], [SubjectId], [EventTypeId]) VALUES (N'3d7823dc-faa6-43e1-3fcb-08d98442a55b', CAST(N'2021-09-30T20:45:40.607' AS DateTime), CAST(N'2021-09-30T20:45:40.607' AS DateTime), N'Sofia Incident event', N'description for test sofia', N'4fffc534-1d83-44d5-b264-1e17feabd322', N'11221118-1d83-44d5-b264-1e17feabd322', N'df215e10-8bd4-4401-b2dc-99bb03135f13', N'26d3d985-672d-4e31-9a07-4206375a4b9b')
INSERT [dbo].[Event] ([Id], [CreatedAt], [ModifiedAt], [Title], [Description], [UserId], [ScholarId], [SubjectId], [EventTypeId]) VALUES (N'5f2b5e16-0115-4a40-3fcc-08d98442a55b', CAST(N'2021-09-30T20:46:14.627' AS DateTime), CAST(N'2021-09-30T20:46:14.627' AS DateTime), N'incident event ', N'Maria Incident event', N'4fffc534-1d83-44d5-b264-1e17feabd322', N'11221118-1d83-44d5-b264-1e17feabd322', N'df215e10-8bd4-4401-b2dc-99bb03135f14', N'26d3d985-672d-4e31-9a07-4206375a4b9b')
GO
INSERT [dbo].[EvaluationSkills] ([Id], [EvaluationId], [SkillId], [Score]) VALUES (N'd96dc637-42ab-4dd3-be5e-08d91f1f8a89', N'731b3aca-47c3-432d-4544-08d91f1f8a81', N'44b6a30c-b42c-11eb-8529-0242ac130003', 3)
INSERT [dbo].[EvaluationSkills] ([Id], [EvaluationId], [SkillId], [Score]) VALUES (N'a1c2c2ae-f673-4472-be5f-08d91f1f8a89', N'731b3aca-47c3-432d-4544-08d91f1f8a81', N'35c96e38-b42c-11eb-8529-0242ac130003', 3)
INSERT [dbo].[EvaluationSkills] ([Id], [EvaluationId], [SkillId], [Score]) VALUES (N'909c601d-00b6-4f2d-be60-08d91f1f8a89', N'731b3aca-47c3-432d-4544-08d91f1f8a81', N'5265e256-b42c-11eb-8529-0242ac130003', 4)
INSERT [dbo].[EvaluationSkills] ([Id], [EvaluationId], [SkillId], [Score]) VALUES (N'e5a9abe1-567f-45c0-be61-08d91f1f8a89', N'731b3aca-47c3-432d-4544-08d91f1f8a81', N'4d72c16a-b42c-11eb-8529-0242ac130003', 2)
INSERT [dbo].[EvaluationSkills] ([Id], [EvaluationId], [SkillId], [Score]) VALUES (N'd3e0e5e5-2cf9-4f8b-be62-08d91f1f8a89', N'731b3aca-47c3-432d-4544-08d91f1f8a81', N'3a06d8aa-b42c-11eb-8529-0242ac130003', 1)
INSERT [dbo].[EvaluationSkills] ([Id], [EvaluationId], [SkillId], [Score]) VALUES (N'73975709-343a-407c-be63-08d91f1f8a89', N'731b3aca-47c3-432d-4544-08d91f1f8a81', N'57cbd9c6-b42c-11eb-8529-0242ac130003', 5)
INSERT [dbo].[EvaluationSkills] ([Id], [EvaluationId], [SkillId], [Score]) VALUES (N'a3e040cd-0f47-4177-be64-08d91f1f8a89', N'731b3aca-47c3-432d-4544-08d91f1f8a81', N'401604c8-b42c-11eb-8529-0242ac130003', 4)
INSERT [dbo].[EvaluationSkills] ([Id], [EvaluationId], [SkillId], [Score]) VALUES (N'de7205b2-49c6-455b-be65-08d91f1f8a89', N'731b3aca-47c3-432d-4544-08d91f1f8a81', N'48f296f6-b42c-11eb-8529-0242ac130003', 2)
INSERT [dbo].[EvaluationSkills] ([Id], [EvaluationId], [SkillId], [Score]) VALUES (N'0f373bde-00b0-4515-be66-08d91f1f8a89', N'4e1aca24-ac45-4720-4545-08d91f1f8a81', N'44b6a30c-b42c-11eb-8529-0242ac130003', 2)
INSERT [dbo].[EvaluationSkills] ([Id], [EvaluationId], [SkillId], [Score]) VALUES (N'1458121d-37de-4112-be67-08d91f1f8a89', N'4e1aca24-ac45-4720-4545-08d91f1f8a81', N'35c96e38-b42c-11eb-8529-0242ac130003', 2)
INSERT [dbo].[EvaluationSkills] ([Id], [EvaluationId], [SkillId], [Score]) VALUES (N'30776d71-1913-4a9c-be68-08d91f1f8a89', N'4e1aca24-ac45-4720-4545-08d91f1f8a81', N'5265e256-b42c-11eb-8529-0242ac130003', 4)
INSERT [dbo].[EvaluationSkills] ([Id], [EvaluationId], [SkillId], [Score]) VALUES (N'b5da95b1-5947-4b84-be69-08d91f1f8a89', N'4e1aca24-ac45-4720-4545-08d91f1f8a81', N'4d72c16a-b42c-11eb-8529-0242ac130003', 1)
INSERT [dbo].[EvaluationSkills] ([Id], [EvaluationId], [SkillId], [Score]) VALUES (N'89571240-34e0-4cd2-be6a-08d91f1f8a89', N'4e1aca24-ac45-4720-4545-08d91f1f8a81', N'3a06d8aa-b42c-11eb-8529-0242ac130003', 2)
INSERT [dbo].[EvaluationSkills] ([Id], [EvaluationId], [SkillId], [Score]) VALUES (N'949919ea-4d6b-4953-be6b-08d91f1f8a89', N'4e1aca24-ac45-4720-4545-08d91f1f8a81', N'57cbd9c6-b42c-11eb-8529-0242ac130003', 3)
INSERT [dbo].[EvaluationSkills] ([Id], [EvaluationId], [SkillId], [Score]) VALUES (N'e174539d-08dd-4ffa-be6c-08d91f1f8a89', N'4e1aca24-ac45-4720-4545-08d91f1f8a81', N'401604c8-b42c-11eb-8529-0242ac130003', 2)
INSERT [dbo].[EvaluationSkills] ([Id], [EvaluationId], [SkillId], [Score]) VALUES (N'f6c7d62a-ddfe-43e3-be6d-08d91f1f8a89', N'4e1aca24-ac45-4720-4545-08d91f1f8a81', N'48f296f6-b42c-11eb-8529-0242ac130003', 1)
INSERT [dbo].[EvaluationSkills] ([Id], [EvaluationId], [SkillId], [Score]) VALUES (N'70013b78-497a-4d95-be6e-08d91f1f8a89', N'eb81744c-0220-4e22-4546-08d91f1f8a81', N'44b6a30c-b42c-11eb-8529-0242ac130003', 3)
INSERT [dbo].[EvaluationSkills] ([Id], [EvaluationId], [SkillId], [Score]) VALUES (N'4ee29f3a-c9e8-4a08-be6f-08d91f1f8a89', N'eb81744c-0220-4e22-4546-08d91f1f8a81', N'35c96e38-b42c-11eb-8529-0242ac130003', 2)
INSERT [dbo].[EvaluationSkills] ([Id], [EvaluationId], [SkillId], [Score]) VALUES (N'cdf7371a-95d7-4b73-be70-08d91f1f8a89', N'eb81744c-0220-4e22-4546-08d91f1f8a81', N'5265e256-b42c-11eb-8529-0242ac130003', 4)
INSERT [dbo].[EvaluationSkills] ([Id], [EvaluationId], [SkillId], [Score]) VALUES (N'af70ef21-8070-445b-be71-08d91f1f8a89', N'eb81744c-0220-4e22-4546-08d91f1f8a81', N'4d72c16a-b42c-11eb-8529-0242ac130003', 4)
INSERT [dbo].[EvaluationSkills] ([Id], [EvaluationId], [SkillId], [Score]) VALUES (N'4c22861c-31c3-4104-be72-08d91f1f8a89', N'eb81744c-0220-4e22-4546-08d91f1f8a81', N'3a06d8aa-b42c-11eb-8529-0242ac130003', 3)
INSERT [dbo].[EvaluationSkills] ([Id], [EvaluationId], [SkillId], [Score]) VALUES (N'899e307c-31be-472d-be73-08d91f1f8a89', N'eb81744c-0220-4e22-4546-08d91f1f8a81', N'57cbd9c6-b42c-11eb-8529-0242ac130003', 3)
INSERT [dbo].[EvaluationSkills] ([Id], [EvaluationId], [SkillId], [Score]) VALUES (N'ef13aeab-e82b-4664-be74-08d91f1f8a89', N'eb81744c-0220-4e22-4546-08d91f1f8a81', N'401604c8-b42c-11eb-8529-0242ac130003', 3)
INSERT [dbo].[EvaluationSkills] ([Id], [EvaluationId], [SkillId], [Score]) VALUES (N'82fcf5eb-574c-4c72-be75-08d91f1f8a89', N'eb81744c-0220-4e22-4546-08d91f1f8a81', N'48f296f6-b42c-11eb-8529-0242ac130003', 3)
INSERT [dbo].[EvaluationSkills] ([Id], [EvaluationId], [SkillId], [Score]) VALUES (N'4b002f27-db07-416a-9c32-08d95c17786d', N'08308360-0d69-4cbe-7bbe-08d95c177862', N'44b6a30c-b42c-11eb-8529-0242ac130003', 0)
INSERT [dbo].[EvaluationSkills] ([Id], [EvaluationId], [SkillId], [Score]) VALUES (N'191a3775-4008-4674-9c33-08d95c17786d', N'08308360-0d69-4cbe-7bbe-08d95c177862', N'35c96e38-b42c-11eb-8529-0242ac130003', 0)
INSERT [dbo].[EvaluationSkills] ([Id], [EvaluationId], [SkillId], [Score]) VALUES (N'cf0d9c0c-aa34-4901-9c34-08d95c17786d', N'08308360-0d69-4cbe-7bbe-08d95c177862', N'5265e256-b42c-11eb-8529-0242ac130003', 0)
INSERT [dbo].[EvaluationSkills] ([Id], [EvaluationId], [SkillId], [Score]) VALUES (N'd7dd4d76-5863-4070-9c35-08d95c17786d', N'08308360-0d69-4cbe-7bbe-08d95c177862', N'4d72c16a-b42c-11eb-8529-0242ac130003', 0)
INSERT [dbo].[EvaluationSkills] ([Id], [EvaluationId], [SkillId], [Score]) VALUES (N'0ca6cdcb-d729-4602-9c36-08d95c17786d', N'08308360-0d69-4cbe-7bbe-08d95c177862', N'3a06d8aa-b42c-11eb-8529-0242ac130003', 0)
INSERT [dbo].[EvaluationSkills] ([Id], [EvaluationId], [SkillId], [Score]) VALUES (N'3961eae6-5e48-407e-9c37-08d95c17786d', N'08308360-0d69-4cbe-7bbe-08d95c177862', N'57cbd9c6-b42c-11eb-8529-0242ac130003', 0)
INSERT [dbo].[EvaluationSkills] ([Id], [EvaluationId], [SkillId], [Score]) VALUES (N'be43cbe4-9bf5-4739-9c38-08d95c17786d', N'08308360-0d69-4cbe-7bbe-08d95c177862', N'401604c8-b42c-11eb-8529-0242ac130003', 0)
INSERT [dbo].[EvaluationSkills] ([Id], [EvaluationId], [SkillId], [Score]) VALUES (N'8d4c5999-7494-48bc-9c39-08d95c17786d', N'08308360-0d69-4cbe-7bbe-08d95c177862', N'48f296f6-b42c-11eb-8529-0242ac130003', 0)
INSERT [dbo].[EvaluationSkills] ([Id], [EvaluationId], [SkillId], [Score]) VALUES (N'1cec9824-7b76-447b-9c3a-08d95c17786d', N'be74dad2-5b7e-4ffd-7bbf-08d95c177862', N'44b6a30c-b42c-11eb-8529-0242ac130003', 0)
INSERT [dbo].[EvaluationSkills] ([Id], [EvaluationId], [SkillId], [Score]) VALUES (N'b1d991db-02a2-4548-9c3b-08d95c17786d', N'be74dad2-5b7e-4ffd-7bbf-08d95c177862', N'35c96e38-b42c-11eb-8529-0242ac130003', 0)
INSERT [dbo].[EvaluationSkills] ([Id], [EvaluationId], [SkillId], [Score]) VALUES (N'746922ac-30a5-42b6-9c3c-08d95c17786d', N'be74dad2-5b7e-4ffd-7bbf-08d95c177862', N'5265e256-b42c-11eb-8529-0242ac130003', 0)
INSERT [dbo].[EvaluationSkills] ([Id], [EvaluationId], [SkillId], [Score]) VALUES (N'1c574a27-9bd5-4bf2-9c3d-08d95c17786d', N'be74dad2-5b7e-4ffd-7bbf-08d95c177862', N'4d72c16a-b42c-11eb-8529-0242ac130003', 0)
INSERT [dbo].[EvaluationSkills] ([Id], [EvaluationId], [SkillId], [Score]) VALUES (N'99b8d17d-a9f3-4851-9c3e-08d95c17786d', N'be74dad2-5b7e-4ffd-7bbf-08d95c177862', N'3a06d8aa-b42c-11eb-8529-0242ac130003', 0)
INSERT [dbo].[EvaluationSkills] ([Id], [EvaluationId], [SkillId], [Score]) VALUES (N'0b4d25a0-7e44-4188-9c3f-08d95c17786d', N'be74dad2-5b7e-4ffd-7bbf-08d95c177862', N'57cbd9c6-b42c-11eb-8529-0242ac130003', 0)
INSERT [dbo].[EvaluationSkills] ([Id], [EvaluationId], [SkillId], [Score]) VALUES (N'571d9c4b-2763-4ebb-9c40-08d95c17786d', N'be74dad2-5b7e-4ffd-7bbf-08d95c177862', N'401604c8-b42c-11eb-8529-0242ac130003', 0)
INSERT [dbo].[EvaluationSkills] ([Id], [EvaluationId], [SkillId], [Score]) VALUES (N'55cfdca9-7362-43e4-9c41-08d95c17786d', N'be74dad2-5b7e-4ffd-7bbf-08d95c177862', N'48f296f6-b42c-11eb-8529-0242ac130003', 0)
INSERT [dbo].[EvaluationSkills] ([Id], [EvaluationId], [SkillId], [Score]) VALUES (N'312374be-d8f8-4057-8949-08d983a371a1', N'0dd67c8b-ee70-47d0-c0c2-08d983a37196', N'44b6a30c-b42c-11eb-8529-0242ac130003', 0)
INSERT [dbo].[EvaluationSkills] ([Id], [EvaluationId], [SkillId], [Score]) VALUES (N'8a48492c-2352-4978-894a-08d983a371a1', N'0dd67c8b-ee70-47d0-c0c2-08d983a37196', N'35c96e38-b42c-11eb-8529-0242ac130003', 0)
INSERT [dbo].[EvaluationSkills] ([Id], [EvaluationId], [SkillId], [Score]) VALUES (N'3a33a631-f1e4-4311-894b-08d983a371a1', N'0dd67c8b-ee70-47d0-c0c2-08d983a37196', N'5265e256-b42c-11eb-8529-0242ac130003', 0)
INSERT [dbo].[EvaluationSkills] ([Id], [EvaluationId], [SkillId], [Score]) VALUES (N'42504202-bd52-49ac-894c-08d983a371a1', N'0dd67c8b-ee70-47d0-c0c2-08d983a37196', N'4d72c16a-b42c-11eb-8529-0242ac130003', 0)
INSERT [dbo].[EvaluationSkills] ([Id], [EvaluationId], [SkillId], [Score]) VALUES (N'7e460164-5bb7-4418-894d-08d983a371a1', N'0dd67c8b-ee70-47d0-c0c2-08d983a37196', N'3a06d8aa-b42c-11eb-8529-0242ac130003', 0)
INSERT [dbo].[EvaluationSkills] ([Id], [EvaluationId], [SkillId], [Score]) VALUES (N'2d196296-4df9-4e40-894e-08d983a371a1', N'0dd67c8b-ee70-47d0-c0c2-08d983a37196', N'57cbd9c6-b42c-11eb-8529-0242ac130003', 0)
INSERT [dbo].[EvaluationSkills] ([Id], [EvaluationId], [SkillId], [Score]) VALUES (N'34127726-09c3-4138-894f-08d983a371a1', N'0dd67c8b-ee70-47d0-c0c2-08d983a37196', N'401604c8-b42c-11eb-8529-0242ac130003', 0)
INSERT [dbo].[EvaluationSkills] ([Id], [EvaluationId], [SkillId], [Score]) VALUES (N'd23b0723-f219-4595-8950-08d983a371a1', N'0dd67c8b-ee70-47d0-c0c2-08d983a37196', N'48f296f6-b42c-11eb-8529-0242ac130003', 0)
INSERT [dbo].[EvaluationSkills] ([Id], [EvaluationId], [SkillId], [Score]) VALUES (N'2eb34500-76ed-47ea-8951-08d983a371a1', N'5974546f-a219-4dab-c0c3-08d983a37196', N'44b6a30c-b42c-11eb-8529-0242ac130003', 0)
INSERT [dbo].[EvaluationSkills] ([Id], [EvaluationId], [SkillId], [Score]) VALUES (N'd1b8ded1-fcac-4859-8952-08d983a371a1', N'5974546f-a219-4dab-c0c3-08d983a37196', N'35c96e38-b42c-11eb-8529-0242ac130003', 0)
INSERT [dbo].[EvaluationSkills] ([Id], [EvaluationId], [SkillId], [Score]) VALUES (N'e8f41b2f-c39c-4524-8953-08d983a371a1', N'5974546f-a219-4dab-c0c3-08d983a37196', N'5265e256-b42c-11eb-8529-0242ac130003', 0)
INSERT [dbo].[EvaluationSkills] ([Id], [EvaluationId], [SkillId], [Score]) VALUES (N'e6426e65-eea2-4ea9-8954-08d983a371a1', N'5974546f-a219-4dab-c0c3-08d983a37196', N'4d72c16a-b42c-11eb-8529-0242ac130003', 0)
INSERT [dbo].[EvaluationSkills] ([Id], [EvaluationId], [SkillId], [Score]) VALUES (N'43929939-df57-4d7c-8955-08d983a371a1', N'5974546f-a219-4dab-c0c3-08d983a37196', N'3a06d8aa-b42c-11eb-8529-0242ac130003', 0)
INSERT [dbo].[EvaluationSkills] ([Id], [EvaluationId], [SkillId], [Score]) VALUES (N'a72bc32e-1016-4ac0-8956-08d983a371a1', N'5974546f-a219-4dab-c0c3-08d983a37196', N'57cbd9c6-b42c-11eb-8529-0242ac130003', 0)
INSERT [dbo].[EvaluationSkills] ([Id], [EvaluationId], [SkillId], [Score]) VALUES (N'6e0e6b6f-64c1-4e11-8957-08d983a371a1', N'5974546f-a219-4dab-c0c3-08d983a37196', N'401604c8-b42c-11eb-8529-0242ac130003', 0)
INSERT [dbo].[EvaluationSkills] ([Id], [EvaluationId], [SkillId], [Score]) VALUES (N'c4d9c870-4ce6-476b-8958-08d983a371a1', N'5974546f-a219-4dab-c0c3-08d983a37196', N'48f296f6-b42c-11eb-8529-0242ac130003', 0)
GO



INSERT [dbo].[Approval] ([Id], [SubjectId], [EvaluationId], [UserId], [Checked]) VALUES (N'b7c407ce-dcc5-41a8-a6a7-08d95c17786a', N'00000000-0000-0000-0000-000000000000', N'08308360-0d69-4cbe-7bbe-08d95c177862', N'3fffc534-1d83-44d5-b264-1e17feabd322', 0)
INSERT [dbo].[Approval] ([Id], [SubjectId], [EvaluationId], [UserId], [Checked]) VALUES (N'cfb368e9-0849-473b-a6a8-08d95c17786a', N'00000000-0000-0000-0000-000000000000', N'08308360-0d69-4cbe-7bbe-08d95c177862', N'21ffc534-1d83-44d5-b264-1e17feabd322', 0)
INSERT [dbo].[Approval] ([Id], [SubjectId], [EvaluationId], [UserId], [Checked]) VALUES (N'a836888a-5e76-43cf-a6a9-08d95c17786a', N'00000000-0000-0000-0000-000000000000', N'08308360-0d69-4cbe-7bbe-08d95c177862', N'3fffc534-1d83-44d5-b264-1e17feabd322', 0)
INSERT [dbo].[Approval] ([Id], [SubjectId], [EvaluationId], [UserId], [Checked]) VALUES (N'd487b0db-bdd2-4055-a6aa-08d95c17786a', N'df215e10-8bd4-4401-b2dc-99bb03135f01', N'08308360-0d69-4cbe-7bbe-08d95c177862', N'3fffc534-1d83-44d5-b264-1e17feabd322', 0)
INSERT [dbo].[Approval] ([Id], [SubjectId], [EvaluationId], [UserId], [Checked]) VALUES (N'188157c2-436b-48c3-a6ab-08d95c17786a', N'df215e10-8bd4-4401-b2dc-99bb03135f06', N'08308360-0d69-4cbe-7bbe-08d95c177862', N'21ffc534-1d83-44d5-b264-1e17feabd322', 0)
INSERT [dbo].[Approval] ([Id], [SubjectId], [EvaluationId], [UserId], [Checked]) VALUES (N'ccfe36f9-795f-441d-a6ac-08d95c17786a', N'00000000-0000-0000-0000-000000000000', N'be74dad2-5b7e-4ffd-7bbf-08d95c177862', N'3fffc534-1d83-44d5-b264-1e17feabd322', 0)
INSERT [dbo].[Approval] ([Id], [SubjectId], [EvaluationId], [UserId], [Checked]) VALUES (N'ecf1756b-08e6-4b1e-a6ad-08d95c17786a', N'00000000-0000-0000-0000-000000000000', N'be74dad2-5b7e-4ffd-7bbf-08d95c177862', N'21ffc534-1d83-44d5-b264-1e17feabd322', 0)
INSERT [dbo].[Approval] ([Id], [SubjectId], [EvaluationId], [UserId], [Checked]) VALUES (N'cf6f98e2-d330-4cff-a6ae-08d95c17786a', N'00000000-0000-0000-0000-000000000000', N'be74dad2-5b7e-4ffd-7bbf-08d95c177862', N'22ffc534-1d83-44d5-b264-1e17feabd322', 0)
INSERT [dbo].[Approval] ([Id], [SubjectId], [EvaluationId], [UserId], [Checked]) VALUES (N'a5aca1ed-4b66-4019-a6af-08d95c17786a', N'00000000-0000-0000-0000-000000000000', N'be74dad2-5b7e-4ffd-7bbf-08d95c177862', N'22ffc534-1d83-44d5-b264-1e17feabd322', 0)
INSERT [dbo].[Approval] ([Id], [SubjectId], [EvaluationId], [UserId], [Checked]) VALUES (N'dfaa6d47-a856-495e-a6b0-08d95c17786a', N'00000000-0000-0000-0000-000000000000', N'be74dad2-5b7e-4ffd-7bbf-08d95c177862', N'3fffc534-1d83-44d5-b264-1e17feabd322', 0)
INSERT [dbo].[Approval] ([Id], [SubjectId], [EvaluationId], [UserId], [Checked]) VALUES (N'01a10fcc-6f0f-413c-a6b1-08d95c17786a', N'df215e10-8bd4-4401-b2dc-99bb03135f03', N'be74dad2-5b7e-4ffd-7bbf-08d95c177862', N'3fffc534-1d83-44d5-b264-1e17feabd322', 0)
INSERT [dbo].[Approval] ([Id], [SubjectId], [EvaluationId], [UserId], [Checked]) VALUES (N'8b479473-c780-4ffb-a6b2-08d95c17786a', N'df215e10-8bd4-4401-b2dc-99bb03135f08', N'be74dad2-5b7e-4ffd-7bbf-08d95c177862', N'21ffc534-1d83-44d5-b264-1e17feabd322', 0)
INSERT [dbo].[Approval] ([Id], [SubjectId], [EvaluationId], [UserId], [Checked]) VALUES (N'7a23207e-6b42-4481-a6b3-08d95c17786a', N'df215e10-8bd4-4401-b2dc-99bb03135f13', N'be74dad2-5b7e-4ffd-7bbf-08d95c177862', N'22ffc534-1d83-44d5-b264-1e17feabd322', 1)
INSERT [dbo].[Approval] ([Id], [SubjectId], [EvaluationId], [UserId], [Checked]) VALUES (N'0fdc81a5-beaa-4400-a6b4-08d95c17786a', N'df215e10-8bd4-4401-b2dc-99bb03135f14', N'be74dad2-5b7e-4ffd-7bbf-08d95c177862', N'22ffc534-1d83-44d5-b264-1e17feabd322', 1)
INSERT [dbo].[Approval] ([Id], [SubjectId], [EvaluationId], [UserId], [Checked]) VALUES (N'da35ae72-abf6-4849-a6b5-08d95c17786a', N'df215e10-8bd4-4401-b2dc-99bb03135f02', N'731b3aca-47c3-432d-4544-08d91f1f8a81', N'3fffc534-1d83-44d5-b264-1e17feabd322', 0)
INSERT [dbo].[Approval] ([Id], [SubjectId], [EvaluationId], [UserId], [Checked]) VALUES (N'7d9e8aaa-4cd0-4050-a6b6-08d95c17786a', N'df215e10-8bd4-4401-b2dc-99bb03135f07', N'731b3aca-47c3-432d-4544-08d91f1f8a81', N'21ffc534-1d83-44d5-b264-1e17feabd322', 0)
INSERT [dbo].[Approval] ([Id], [SubjectId], [EvaluationId], [UserId], [Checked]) VALUES (N'3be513d7-322d-4423-a6b7-08d95c17786a', N'df215e10-8bd4-4401-b2dc-99bb03135f11', N'731b3aca-47c3-432d-4544-08d91f1f8a81', N'22ffc534-1d83-44d5-b264-1e17feabd322', 0)
INSERT [dbo].[Approval] ([Id], [SubjectId], [EvaluationId], [UserId], [Checked]) VALUES (N'37ede37e-d761-4662-a6b8-08d95c17786a', N'df215e10-8bd4-4401-b2dc-99bb03135f12', N'731b3aca-47c3-432d-4544-08d91f1f8a81', N'22ffc534-1d83-44d5-b264-1e17feabd322', 0)
INSERT [dbo].[Approval] ([Id], [SubjectId], [EvaluationId], [UserId], [Checked]) VALUES (N'36561b53-1fc7-40a5-0d1d-08d983a3719f', N'00000000-0000-0000-0000-000000000000', N'0dd67c8b-ee70-47d0-c0c2-08d983a37196', N'3fffc534-1d83-44d5-b264-1e17feabd322', 0)
INSERT [dbo].[Approval] ([Id], [SubjectId], [EvaluationId], [UserId], [Checked]) VALUES (N'a23da837-fed8-4fd8-0d1e-08d983a3719f', N'00000000-0000-0000-0000-000000000000', N'0dd67c8b-ee70-47d0-c0c2-08d983a37196', N'21ffc534-1d83-44d5-b264-1e17feabd322', 0)
INSERT [dbo].[Approval] ([Id], [SubjectId], [EvaluationId], [UserId], [Checked]) VALUES (N'6e60afed-c008-44da-0d1f-08d983a3719f', N'00000000-0000-0000-0000-000000000000', N'0dd67c8b-ee70-47d0-c0c2-08d983a37196', N'22ffc534-1d83-44d5-b264-1e17feabd322', 0)
INSERT [dbo].[Approval] ([Id], [SubjectId], [EvaluationId], [UserId], [Checked]) VALUES (N'867385b9-78a7-46e4-0d20-08d983a3719f', N'00000000-0000-0000-0000-000000000000', N'0dd67c8b-ee70-47d0-c0c2-08d983a37196', N'22ffc534-1d83-44d5-b264-1e17feabd322', 0)
INSERT [dbo].[Approval] ([Id], [SubjectId], [EvaluationId], [UserId], [Checked]) VALUES (N'f78448b7-ecb0-4569-0d21-08d983a3719f', N'00000000-0000-0000-0000-000000000000', N'0dd67c8b-ee70-47d0-c0c2-08d983a37196', N'3fffc534-1d83-44d5-b264-1e17feabd322', 0)
INSERT [dbo].[Approval] ([Id], [SubjectId], [EvaluationId], [UserId], [Checked]) VALUES (N'fe835e45-4927-4d3f-0d22-08d983a3719f', N'00000000-0000-0000-0000-000000000000', N'5974546f-a219-4dab-c0c3-08d983a37196', N'3fffc534-1d83-44d5-b264-1e17feabd322', 0)
INSERT [dbo].[Approval] ([Id], [SubjectId], [EvaluationId], [UserId], [Checked]) VALUES (N'dd375748-3238-4939-0d23-08d983a3719f', N'00000000-0000-0000-0000-000000000000', N'5974546f-a219-4dab-c0c3-08d983a37196', N'21ffc534-1d83-44d5-b264-1e17feabd322', 0)
INSERT [dbo].[Approval] ([Id], [SubjectId], [EvaluationId], [UserId], [Checked]) VALUES (N'842d94dd-cef3-4847-0d24-08d983a3719f', N'00000000-0000-0000-0000-000000000000', N'5974546f-a219-4dab-c0c3-08d983a37196', N'3fffc534-1d83-44d5-b264-1e17feabd322', 0)
GO

INSERT [dbo].[Answer] ([Id], [EvaluationId], [QuestionId], [OptionId], [Comment]) VALUES (N'dc675303-96cf-423f-b005-01a04d94ed53', N'731b3aca-47c3-432d-4544-08d91f1f8a81', N'88a4a364-b42e-11eb-8529-0242ac130003', N'b02ac7dc-b42a-11eb-8529-0242ac130003', NULL)
INSERT [dbo].[Answer] ([Id], [EvaluationId], [QuestionId], [OptionId], [Comment]) VALUES (N'c2b0092f-fd99-45f3-a535-0278f080f398', N'eb81744c-0220-4e22-4546-08d91f1f8a81', N'88a4a364-b42e-11eb-8529-0242ac130003', N'00000000-0000-0000-0000-000000000000', NULL)
INSERT [dbo].[Answer] ([Id], [EvaluationId], [QuestionId], [OptionId], [Comment]) VALUES (N'e8dbfbe4-1577-4429-8847-03a6556fdf85', N'4e1aca24-ac45-4720-4545-08d91f1f8a81', N'01e91432-b42d-11eb-8529-0242ac130003', N'5da46d24-b42a-11eb-8529-0242ac130003', N'she doesn''t do any!!!')
INSERT [dbo].[Answer] ([Id], [EvaluationId], [QuestionId], [OptionId], [Comment]) VALUES (N'a82137b6-5ee5-4846-a21e-05bb60a94052', N'731b3aca-47c3-432d-4544-08d91f1f8a81', N'f5013e84-b42c-11eb-8529-0242ac130003', N'5da46d24-b42a-11eb-8529-0242ac130003', NULL)
INSERT [dbo].[Answer] ([Id], [EvaluationId], [QuestionId], [OptionId], [Comment]) VALUES (N'f0b5faf5-9195-4ba7-8329-0a7952738660', N'731b3aca-47c3-432d-4544-08d91f1f8a81', N'ac0b0532-b42e-11eb-8529-0242ac130003', N'c8f56182-b42a-11eb-8529-0242ac130003', NULL)
INSERT [dbo].[Answer] ([Id], [EvaluationId], [QuestionId], [OptionId], [Comment]) VALUES (N'c46a031b-6910-4d84-960a-0adb9f1f5f34', N'4e1aca24-ac45-4720-4545-08d91f1f8a81', N'ca03e730-b42d-11eb-8529-0242ac130003', N'c8f56182-b42a-11eb-8529-0242ac130003', NULL)
INSERT [dbo].[Answer] ([Id], [EvaluationId], [QuestionId], [OptionId], [Comment]) VALUES (N'0ec451c9-edc0-4391-acad-0ccf6bb0f7ae', N'eb81744c-0220-4e22-4546-08d91f1f8a81', N'b9b23cce-b42d-11eb-8529-0242ac130003', N'00000000-0000-0000-0000-000000000000', NULL)
INSERT [dbo].[Answer] ([Id], [EvaluationId], [QuestionId], [OptionId], [Comment]) VALUES (N'08df283a-e1d9-43da-a349-0cd1af9362b1', N'eb81744c-0220-4e22-4546-08d91f1f8a81', N'af5c5060-b42e-11eb-8529-0242ac130003', N'00000000-0000-0000-0000-000000000000', NULL)
INSERT [dbo].[Answer] ([Id], [EvaluationId], [QuestionId], [OptionId], [Comment]) VALUES (N'550ddff2-d56f-4ef6-a793-0da7ef586c10', N'eb81744c-0220-4e22-4546-08d91f1f8a81', N'8c87f86e-b42e-11eb-8529-0242ac130003', N'00000000-0000-0000-0000-000000000000', NULL)
INSERT [dbo].[Answer] ([Id], [EvaluationId], [QuestionId], [OptionId], [Comment]) VALUES (N'21bfc552-1c57-4d9f-afd5-0ea75336cac6', N'eb81744c-0220-4e22-4546-08d91f1f8a81', N'a0445f38-b42d-11eb-8529-0242ac130003', N'00000000-0000-0000-0000-000000000000', NULL)
INSERT [dbo].[Answer] ([Id], [EvaluationId], [QuestionId], [OptionId], [Comment]) VALUES (N'd24aa89e-0ce7-4e5e-a457-12bfebc26cdf', N'731b3aca-47c3-432d-4544-08d91f1f8a81', N'e33e617c-b42c-11eb-8529-0242ac130003', N'b02ac7dc-b42a-11eb-8529-0242ac130003', NULL)
INSERT [dbo].[Answer] ([Id], [EvaluationId], [QuestionId], [OptionId], [Comment]) VALUES (N'216af81d-cba4-4f1a-882b-135166abaf18', N'4e1aca24-ac45-4720-4545-08d91f1f8a81', N'8c87f86e-b42e-11eb-8529-0242ac130003', N'aa16e4fc-b42a-11eb-8529-0242ac130003', NULL)
INSERT [dbo].[Answer] ([Id], [EvaluationId], [QuestionId], [OptionId], [Comment]) VALUES (N'a4d14556-c912-4871-8e5e-144089a8c1f4', N'eb81744c-0220-4e22-4546-08d91f1f8a81', N'e1dd1f3e-b42d-11eb-8529-0242ac130003', N'00000000-0000-0000-0000-000000000000', NULL)
INSERT [dbo].[Answer] ([Id], [EvaluationId], [QuestionId], [OptionId], [Comment]) VALUES (N'35385490-8256-403e-8c24-15e7891e1aff', N'731b3aca-47c3-432d-4544-08d91f1f8a81', N'c111b6c0-b42d-11eb-8529-0242ac130003', N'c8f56182-b42a-11eb-8529-0242ac130003', NULL)
INSERT [dbo].[Answer] ([Id], [EvaluationId], [QuestionId], [OptionId], [Comment]) VALUES (N'c10cc104-b56d-4806-875c-17611166b7fb', N'eb81744c-0220-4e22-4546-08d91f1f8a81', N'914ca6e2-b42e-11eb-8529-0242ac130003', N'00000000-0000-0000-0000-000000000000', NULL)
INSERT [dbo].[Answer] ([Id], [EvaluationId], [QuestionId], [OptionId], [Comment]) VALUES (N'4c20522b-c1a2-4237-b460-183179e61ffe', N'eb81744c-0220-4e22-4546-08d91f1f8a81', N'99428bec-b42d-11eb-8529-0242ac130003', N'00000000-0000-0000-0000-000000000000', NULL)
INSERT [dbo].[Answer] ([Id], [EvaluationId], [QuestionId], [OptionId], [Comment]) VALUES (N'dcba5556-a5d2-4720-8964-18a774faacbd', N'eb81744c-0220-4e22-4546-08d91f1f8a81', N'c506b29e-b42d-11eb-8529-0242ac130003', N'00000000-0000-0000-0000-000000000000', NULL)
INSERT [dbo].[Answer] ([Id], [EvaluationId], [QuestionId], [OptionId], [Comment]) VALUES (N'c6e7a1b7-cd87-4c8e-9c78-1c04a9f5a97b', N'731b3aca-47c3-432d-4544-08d91f1f8a81', N'b35b5530-b42e-11eb-8529-0242ac130003', N'c8f56182-b42a-11eb-8529-0242ac130003', NULL)
INSERT [dbo].[Answer] ([Id], [EvaluationId], [QuestionId], [OptionId], [Comment]) VALUES (N'56c61d4e-96bd-4b80-8186-20d29b9ffc13', N'731b3aca-47c3-432d-4544-08d91f1f8a81', N'd425fbae-b42d-11eb-8529-0242ac130003', N'c2db002c-b42a-11eb-8529-0242ac130003', NULL)
INSERT [dbo].[Answer] ([Id], [EvaluationId], [QuestionId], [OptionId], [Comment]) VALUES (N'59e7b04c-2463-4f2c-9225-20fa095f621d', N'4e1aca24-ac45-4720-4545-08d91f1f8a81', N'a0445f38-b42d-11eb-8529-0242ac130003', N'c2db002c-b42a-11eb-8529-0242ac130003', NULL)
INSERT [dbo].[Answer] ([Id], [EvaluationId], [QuestionId], [OptionId], [Comment]) VALUES (N'e90c6f26-0bd5-47bb-8909-2314f4b2c0dc', N'eb81744c-0220-4e22-4546-08d91f1f8a81', N'e33e617c-b42c-11eb-8529-0242ac130003', N'00000000-0000-0000-0000-000000000000', NULL)
INSERT [dbo].[Answer] ([Id], [EvaluationId], [QuestionId], [OptionId], [Comment]) VALUES (N'240bda64-c731-415c-8beb-2332591f9624', N'4e1aca24-ac45-4720-4545-08d91f1f8a81', N'b9b23cce-b42d-11eb-8529-0242ac130003', N'c2db002c-b42a-11eb-8529-0242ac130003', NULL)
INSERT [dbo].[Answer] ([Id], [EvaluationId], [QuestionId], [OptionId], [Comment]) VALUES (N'7d502371-e79a-494a-875f-23918a8aeebd', N'eb81744c-0220-4e22-4546-08d91f1f8a81', N'94a25f36-b42d-11eb-8529-0242ac130003', N'00000000-0000-0000-0000-000000000000', NULL)
INSERT [dbo].[Answer] ([Id], [EvaluationId], [QuestionId], [OptionId], [Comment]) VALUES (N'79c2bffb-398b-44b2-823a-2533dff3152a', N'eb81744c-0220-4e22-4546-08d91f1f8a81', N'bd695960-b42d-11eb-8529-0242ac130003', N'00000000-0000-0000-0000-000000000000', NULL)
INSERT [dbo].[Answer] ([Id], [EvaluationId], [QuestionId], [OptionId], [Comment]) VALUES (N'8e9265f4-9de3-4127-b53e-25397b73831c', N'eb81744c-0220-4e22-4546-08d91f1f8a81', N'f062e918-b42c-11eb-8529-0242ac130003', N'00000000-0000-0000-0000-000000000000', NULL)
INSERT [dbo].[Answer] ([Id], [EvaluationId], [QuestionId], [OptionId], [Comment]) VALUES (N'99d57b78-3ba7-4ffd-a7d6-26a7fe007d7f', N'4e1aca24-ac45-4720-4545-08d91f1f8a81', N'0f596112-b42d-11eb-8529-0242ac130003', N'5da46d24-b42a-11eb-8529-0242ac130003', NULL)
INSERT [dbo].[Answer] ([Id], [EvaluationId], [QuestionId], [OptionId], [Comment]) VALUES (N'05df934d-58aa-4c49-94cb-2ac93a8b5ebf', N'731b3aca-47c3-432d-4544-08d91f1f8a81', N'cee75692-b42d-11eb-8529-0242ac130003', N'c8f56182-b42a-11eb-8529-0242ac130003', NULL)
INSERT [dbo].[Answer] ([Id], [EvaluationId], [QuestionId], [OptionId], [Comment]) VALUES (N'401a673b-2ae6-4044-8b18-2cb05d44684b', N'4e1aca24-ac45-4720-4545-08d91f1f8a81', N'ac0b0532-b42e-11eb-8529-0242ac130003', N'c8f56182-b42a-11eb-8529-0242ac130003', N'she always asks for more time')
INSERT [dbo].[Answer] ([Id], [EvaluationId], [QuestionId], [OptionId], [Comment]) VALUES (N'927a76e8-094a-4171-8ca3-2d22ca0302b9', N'eb81744c-0220-4e22-4546-08d91f1f8a81', N'd8cec14a-b42d-11eb-8529-0242ac130003', N'00000000-0000-0000-0000-000000000000', NULL)
INSERT [dbo].[Answer] ([Id], [EvaluationId], [QuestionId], [OptionId], [Comment]) VALUES (N'0dd49c55-b41e-4b9d-aa0c-2de916c09da4', N'731b3aca-47c3-432d-4544-08d91f1f8a81', N'96261bda-b42e-11eb-8529-0242ac130003', N'b02ac7dc-b42a-11eb-8529-0242ac130003', NULL)
INSERT [dbo].[Answer] ([Id], [EvaluationId], [QuestionId], [OptionId], [Comment]) VALUES (N'1d89c057-d5c9-4b3a-88fe-2f4d0ddea987', N'731b3aca-47c3-432d-4544-08d91f1f8a81', N'0f596112-b42d-11eb-8529-0242ac130003', N'aa16e4fc-b42a-11eb-8529-0242ac130003', NULL)
INSERT [dbo].[Answer] ([Id], [EvaluationId], [QuestionId], [OptionId], [Comment]) VALUES (N'9f36911b-094f-4c5e-aa44-348189563eeb', N'eb81744c-0220-4e22-4546-08d91f1f8a81', N'fdb85a8a-b42c-11eb-8529-0242ac130003', N'00000000-0000-0000-0000-000000000000', NULL)
INSERT [dbo].[Answer] ([Id], [EvaluationId], [QuestionId], [OptionId], [Comment]) VALUES (N'21dbeca1-3b9f-4c58-a0fd-355d704307e8', N'731b3aca-47c3-432d-4544-08d91f1f8a81', N'b1afff8e-b42d-11eb-8529-0242ac130003', N'c2db002c-b42a-11eb-8529-0242ac130003', NULL)
INSERT [dbo].[Answer] ([Id], [EvaluationId], [QuestionId], [OptionId], [Comment]) VALUES (N'582395b3-f9e0-4e6c-bd84-3647535f5d50', N'731b3aca-47c3-432d-4544-08d91f1f8a81', N'bd4bdaba-b42e-11eb-8529-0242ac130003', N'c8f56182-b42a-11eb-8529-0242ac130003', NULL)
INSERT [dbo].[Answer] ([Id], [EvaluationId], [QuestionId], [OptionId], [Comment]) VALUES (N'773f6fa7-9ba2-41e6-9540-366b8f26bd1e', N'4e1aca24-ac45-4720-4545-08d91f1f8a81', N'94a25f36-b42d-11eb-8529-0242ac130003', N'c8f56182-b42a-11eb-8529-0242ac130003', NULL)
INSERT [dbo].[Answer] ([Id], [EvaluationId], [QuestionId], [OptionId], [Comment]) VALUES (N'8af5e13f-7315-4da9-9d6e-3775e30384a5', N'731b3aca-47c3-432d-4544-08d91f1f8a81', N'f95162b6-b42c-11eb-8529-0242ac130003', N'5da46d24-b42a-11eb-8529-0242ac130003', NULL)
INSERT [dbo].[Answer] ([Id], [EvaluationId], [QuestionId], [OptionId], [Comment]) VALUES (N'b7aef606-c76a-467d-b20d-38556d27ff3d', N'4e1aca24-ac45-4720-4545-08d91f1f8a81', N'f95162b6-b42c-11eb-8529-0242ac130003', N'5da46d24-b42a-11eb-8529-0242ac130003', NULL)
INSERT [dbo].[Answer] ([Id], [EvaluationId], [QuestionId], [OptionId], [Comment]) VALUES (N'd2061695-845a-4c3f-b35a-39861934b456', N'4e1aca24-ac45-4720-4545-08d91f1f8a81', N'b1afff8e-b42d-11eb-8529-0242ac130003', N'c8f56182-b42a-11eb-8529-0242ac130003', NULL)
INSERT [dbo].[Answer] ([Id], [EvaluationId], [QuestionId], [OptionId], [Comment]) VALUES (N'796900ed-d2c0-4288-b119-3b80685ddbc7', N'731b3aca-47c3-432d-4544-08d91f1f8a81', N'f062e918-b42c-11eb-8529-0242ac130003', N'c8f56182-b42a-11eb-8529-0242ac130003', NULL)
INSERT [dbo].[Answer] ([Id], [EvaluationId], [QuestionId], [OptionId], [Comment]) VALUES (N'4b5867a6-ee00-40bd-b8d4-3e8b56ec651d', N'4e1aca24-ac45-4720-4545-08d91f1f8a81', N'c506b29e-b42d-11eb-8529-0242ac130003', N'c8f56182-b42a-11eb-8529-0242ac130003', NULL)
INSERT [dbo].[Answer] ([Id], [EvaluationId], [QuestionId], [OptionId], [Comment]) VALUES (N'13198136-7c18-4734-afd2-3f61b4f94e6f', N'731b3aca-47c3-432d-4544-08d91f1f8a81', N'e1dd1f3e-b42d-11eb-8529-0242ac130003', N'c2db002c-b42a-11eb-8529-0242ac130003', NULL)
INSERT [dbo].[Answer] ([Id], [EvaluationId], [QuestionId], [OptionId], [Comment]) VALUES (N'6308d37e-0aff-4acf-b0f0-41342d564c93', N'4e1aca24-ac45-4720-4545-08d91f1f8a81', N'a767b8cc-b42e-11eb-8529-0242ac130003', N'c8f56182-b42a-11eb-8529-0242ac130003', NULL)
INSERT [dbo].[Answer] ([Id], [EvaluationId], [QuestionId], [OptionId], [Comment]) VALUES (N'f24ac07b-dc7b-4674-a666-43b8aed774b9', N'eb81744c-0220-4e22-4546-08d91f1f8a81', N'0af3dab2-b42d-11eb-8529-0242ac130003', N'00000000-0000-0000-0000-000000000000', NULL)
INSERT [dbo].[Answer] ([Id], [EvaluationId], [QuestionId], [OptionId], [Comment]) VALUES (N'4ce70c88-b44c-48ab-8def-46b43fc19814', N'4e1aca24-ac45-4720-4545-08d91f1f8a81', N'99428bec-b42d-11eb-8529-0242ac130003', N'c2db002c-b42a-11eb-8529-0242ac130003', NULL)
INSERT [dbo].[Answer] ([Id], [EvaluationId], [QuestionId], [OptionId], [Comment]) VALUES (N'd00258cd-43af-4993-9a41-4820aeaa4b9f', N'731b3aca-47c3-432d-4544-08d91f1f8a81', N'01e91432-b42d-11eb-8529-0242ac130003', N'bdccfc52-b42a-11eb-8529-0242ac130003', NULL)
INSERT [dbo].[Answer] ([Id], [EvaluationId], [QuestionId], [OptionId], [Comment]) VALUES (N'f3feefc9-2682-46bf-8998-4a18c81f9104', N'eb81744c-0220-4e22-4546-08d91f1f8a81', N'90b00586-b42d-11eb-8529-0242ac130003', N'00000000-0000-0000-0000-000000000000', NULL)
INSERT [dbo].[Answer] ([Id], [EvaluationId], [QuestionId], [OptionId], [Comment]) VALUES (N'9080e066-28a3-4d96-89aa-4c5389ad7dbb', N'eb81744c-0220-4e22-4546-08d91f1f8a81', N'acfceb5a-b42d-11eb-8529-0242ac130003', N'00000000-0000-0000-0000-000000000000', NULL)
INSERT [dbo].[Answer] ([Id], [EvaluationId], [QuestionId], [OptionId], [Comment]) VALUES (N'4535fe3e-bfa0-43a0-9a2a-4ec09493419b', N'4e1aca24-ac45-4720-4545-08d91f1f8a81', N'bd4bdaba-b42e-11eb-8529-0242ac130003', N'c8f56182-b42a-11eb-8529-0242ac130003', NULL)
INSERT [dbo].[Answer] ([Id], [EvaluationId], [QuestionId], [OptionId], [Comment]) VALUES (N'9702a3c3-d2fd-4c85-86df-4f858f42ce2c', N'731b3aca-47c3-432d-4544-08d91f1f8a81', N'b9b23cce-b42d-11eb-8529-0242ac130003', N'c8f56182-b42a-11eb-8529-0242ac130003', NULL)
INSERT [dbo].[Answer] ([Id], [EvaluationId], [QuestionId], [OptionId], [Comment]) VALUES (N'275e9cf0-9da0-4a2e-bcad-55116dde7c33', N'4e1aca24-ac45-4720-4545-08d91f1f8a81', N'9a2b552e-b42e-11eb-8529-0242ac130003', N'c8f56182-b42a-11eb-8529-0242ac130003', NULL)
INSERT [dbo].[Answer] ([Id], [EvaluationId], [QuestionId], [OptionId], [Comment]) VALUES (N'dbe7b097-f021-4c29-98d9-56e39e5597c9', N'731b3aca-47c3-432d-4544-08d91f1f8a81', N'a0445f38-b42d-11eb-8529-0242ac130003', N'c8f56182-b42a-11eb-8529-0242ac130003', NULL)
INSERT [dbo].[Answer] ([Id], [EvaluationId], [QuestionId], [OptionId], [Comment]) VALUES (N'c654544c-7c4f-4e96-bb43-599b7dec8dfa', N'731b3aca-47c3-432d-4544-08d91f1f8a81', N'fdb85a8a-b42c-11eb-8529-0242ac130003', N'b02ac7dc-b42a-11eb-8529-0242ac130003', NULL)
INSERT [dbo].[Answer] ([Id], [EvaluationId], [QuestionId], [OptionId], [Comment]) VALUES (N'9f0879ba-c6b9-4123-a94c-5b69a8dba757', N'731b3aca-47c3-432d-4544-08d91f1f8a81', N'd8cec14a-b42d-11eb-8529-0242ac130003', N'c2db002c-b42a-11eb-8529-0242ac130003', NULL)
INSERT [dbo].[Answer] ([Id], [EvaluationId], [QuestionId], [OptionId], [Comment]) VALUES (N'78026970-5392-401f-a486-611a66dfbaed', N'4e1aca24-ac45-4720-4545-08d91f1f8a81', N'af5c5060-b42e-11eb-8529-0242ac130003', N'c2db002c-b42a-11eb-8529-0242ac130003', NULL)
INSERT [dbo].[Answer] ([Id], [EvaluationId], [QuestionId], [OptionId], [Comment]) VALUES (N'06737136-a351-4ea8-875d-611e6a9aba67', N'eb81744c-0220-4e22-4546-08d91f1f8a81', N'a507c4f6-b42d-11eb-8529-0242ac130003', N'00000000-0000-0000-0000-000000000000', NULL)
INSERT [dbo].[Answer] ([Id], [EvaluationId], [QuestionId], [OptionId], [Comment]) VALUES (N'0372bf3a-766c-479f-8024-63490e9fdc21', N'4e1aca24-ac45-4720-4545-08d91f1f8a81', N'dcf108be-b42d-11eb-8529-0242ac130003', N'c8f56182-b42a-11eb-8529-0242ac130003', NULL)
INSERT [dbo].[Answer] ([Id], [EvaluationId], [QuestionId], [OptionId], [Comment]) VALUES (N'bfaa7394-2446-4d2f-905c-64f3f38515d0', N'731b3aca-47c3-432d-4544-08d91f1f8a81', N'c506b29e-b42d-11eb-8529-0242ac130003', N'c2db002c-b42a-11eb-8529-0242ac130003', NULL)
INSERT [dbo].[Answer] ([Id], [EvaluationId], [QuestionId], [OptionId], [Comment]) VALUES (N'57490a8a-ef86-4ace-8042-65a51eb1c3f5', N'eb81744c-0220-4e22-4546-08d91f1f8a81', N'a314a65e-b42e-11eb-8529-0242ac130003', N'00000000-0000-0000-0000-000000000000', NULL)
INSERT [dbo].[Answer] ([Id], [EvaluationId], [QuestionId], [OptionId], [Comment]) VALUES (N'92f46128-4fbc-4b72-ab79-673fdfd732ae', N'4e1aca24-ac45-4720-4545-08d91f1f8a81', N'bd695960-b42d-11eb-8529-0242ac130003', N'c8f56182-b42a-11eb-8529-0242ac130003', NULL)
INSERT [dbo].[Answer] ([Id], [EvaluationId], [QuestionId], [OptionId], [Comment]) VALUES (N'2fa3c34d-9aa0-4d19-bd56-6b85ae14a413', N'4e1aca24-ac45-4720-4545-08d91f1f8a81', N'd8cec14a-b42d-11eb-8529-0242ac130003', N'c2db002c-b42a-11eb-8529-0242ac130003', N'yes, she does')
INSERT [dbo].[Answer] ([Id], [EvaluationId], [QuestionId], [OptionId], [Comment]) VALUES (N'8b670bf2-0a12-454a-8ce5-6c3862ee07aa', N'eb81744c-0220-4e22-4546-08d91f1f8a81', N'06ab8fa4-b42d-11eb-8529-0242ac130003', N'00000000-0000-0000-0000-000000000000', NULL)
INSERT [dbo].[Answer] ([Id], [EvaluationId], [QuestionId], [OptionId], [Comment]) VALUES (N'd6ec6150-d1ca-466e-8c1c-6e60c91a769d', N'eb81744c-0220-4e22-4546-08d91f1f8a81', N'f5013e84-b42c-11eb-8529-0242ac130003', N'00000000-0000-0000-0000-000000000000', NULL)
INSERT [dbo].[Answer] ([Id], [EvaluationId], [QuestionId], [OptionId], [Comment]) VALUES (N'ede5e870-6397-434c-b938-6f19bbd6c5bc', N'4e1aca24-ac45-4720-4545-08d91f1f8a81', N'ea6a3fca-b42c-11eb-8529-0242ac130003', N'5da46d24-b42a-11eb-8529-0242ac130003', NULL)
INSERT [dbo].[Answer] ([Id], [EvaluationId], [QuestionId], [OptionId], [Comment]) VALUES (N'b62df36e-8e06-4c28-8a13-71802de20aed', N'731b3aca-47c3-432d-4544-08d91f1f8a81', N'06ab8fa4-b42d-11eb-8529-0242ac130003', N'b02ac7dc-b42a-11eb-8529-0242ac130003', NULL)
INSERT [dbo].[Answer] ([Id], [EvaluationId], [QuestionId], [OptionId], [Comment]) VALUES (N'628616d3-45cb-47bd-9b3b-7202e2c19620', N'eb81744c-0220-4e22-4546-08d91f1f8a81', N'f95162b6-b42c-11eb-8529-0242ac130003', N'00000000-0000-0000-0000-000000000000', NULL)
INSERT [dbo].[Answer] ([Id], [EvaluationId], [QuestionId], [OptionId], [Comment]) VALUES (N'448986c4-2951-4b9b-990b-735b2beb7ff7', N'731b3aca-47c3-432d-4544-08d91f1f8a81', N'dcf108be-b42d-11eb-8529-0242ac130003', N'c2db002c-b42a-11eb-8529-0242ac130003', NULL)
INSERT [dbo].[Answer] ([Id], [EvaluationId], [QuestionId], [OptionId], [Comment]) VALUES (N'a1f0ce0a-a918-4e4e-aefa-736dfa0804b3', N'eb81744c-0220-4e22-4546-08d91f1f8a81', N'ac0b0532-b42e-11eb-8529-0242ac130003', N'00000000-0000-0000-0000-000000000000', NULL)
INSERT [dbo].[Answer] ([Id], [EvaluationId], [QuestionId], [OptionId], [Comment]) VALUES (N'7926b53a-f2e5-4b68-aa44-79b69777b160', N'eb81744c-0220-4e22-4546-08d91f1f8a81', N'9e59dd5a-b42e-11eb-8529-0242ac130003', N'00000000-0000-0000-0000-000000000000', NULL)
INSERT [dbo].[Answer] ([Id], [EvaluationId], [QuestionId], [OptionId], [Comment]) VALUES (N'6ff6e17d-a927-404f-b8cf-7ab8cd05c0e7', N'eb81744c-0220-4e22-4546-08d91f1f8a81', N'a90a4c22-b42d-11eb-8529-0242ac130003', N'00000000-0000-0000-0000-000000000000', NULL)
INSERT [dbo].[Answer] ([Id], [EvaluationId], [QuestionId], [OptionId], [Comment]) VALUES (N'4d0e5b25-47fd-446c-aa9d-7c827ae001ff', N'eb81744c-0220-4e22-4546-08d91f1f8a81', N'd425fbae-b42d-11eb-8529-0242ac130003', N'00000000-0000-0000-0000-000000000000', NULL)
INSERT [dbo].[Answer] ([Id], [EvaluationId], [QuestionId], [OptionId], [Comment]) VALUES (N'9e68782c-68d3-4bca-a4ab-7efa991a1e04', N'eb81744c-0220-4e22-4546-08d91f1f8a81', N'c111b6c0-b42d-11eb-8529-0242ac130003', N'00000000-0000-0000-0000-000000000000', NULL)
INSERT [dbo].[Answer] ([Id], [EvaluationId], [QuestionId], [OptionId], [Comment]) VALUES (N'77948519-2944-4053-bfb9-816088e55adf', N'731b3aca-47c3-432d-4544-08d91f1f8a81', N'a507c4f6-b42d-11eb-8529-0242ac130003', N'c8f56182-b42a-11eb-8529-0242ac130003', NULL)
INSERT [dbo].[Answer] ([Id], [EvaluationId], [QuestionId], [OptionId], [Comment]) VALUES (N'1369a2f5-7fab-4a9f-a6fc-8335a9aba5d7', N'731b3aca-47c3-432d-4544-08d91f1f8a81', N'8c87f86e-b42e-11eb-8529-0242ac130003', N'b730edc2-b42a-11eb-8529-0242ac130003', NULL)
INSERT [dbo].[Answer] ([Id], [EvaluationId], [QuestionId], [OptionId], [Comment]) VALUES (N'107499d8-1d54-45e1-bb46-8af378edb410', N'731b3aca-47c3-432d-4544-08d91f1f8a81', N'9a2b552e-b42e-11eb-8529-0242ac130003', N'c8f56182-b42a-11eb-8529-0242ac130003', NULL)
INSERT [dbo].[Answer] ([Id], [EvaluationId], [QuestionId], [OptionId], [Comment]) VALUES (N'1fca2089-3b8e-49d4-9030-8cf02107df08', N'eb81744c-0220-4e22-4546-08d91f1f8a81', N'96261bda-b42e-11eb-8529-0242ac130003', N'00000000-0000-0000-0000-000000000000', NULL)
INSERT [dbo].[Answer] ([Id], [EvaluationId], [QuestionId], [OptionId], [Comment]) VALUES (N'58c5f586-dfec-4397-9b7d-93d4edb358bc', N'731b3aca-47c3-432d-4544-08d91f1f8a81', N'bd695960-b42d-11eb-8529-0242ac130003', N'c8f56182-b42a-11eb-8529-0242ac130003', NULL)
INSERT [dbo].[Answer] ([Id], [EvaluationId], [QuestionId], [OptionId], [Comment]) VALUES (N'9a09f936-454e-4e2c-85ce-94b26c4ea671', N'4e1aca24-ac45-4720-4545-08d91f1f8a81', N'96261bda-b42e-11eb-8529-0242ac130003', N'b02ac7dc-b42a-11eb-8529-0242ac130003', NULL)
INSERT [dbo].[Answer] ([Id], [EvaluationId], [QuestionId], [OptionId], [Comment]) VALUES (N'96a6b668-0bb8-46d4-9972-97a68bf01bf1', N'eb81744c-0220-4e22-4546-08d91f1f8a81', N'b1afff8e-b42d-11eb-8529-0242ac130003', N'00000000-0000-0000-0000-000000000000', NULL)
INSERT [dbo].[Answer] ([Id], [EvaluationId], [QuestionId], [OptionId], [Comment]) VALUES (N'b26f8913-8198-47b0-9692-97b5690438c9', N'eb81744c-0220-4e22-4546-08d91f1f8a81', N'0f596112-b42d-11eb-8529-0242ac130003', N'00000000-0000-0000-0000-000000000000', NULL)
INSERT [dbo].[Answer] ([Id], [EvaluationId], [QuestionId], [OptionId], [Comment]) VALUES (N'bb72a6f2-c51a-4e57-af9a-97df54a422f5', N'4e1aca24-ac45-4720-4545-08d91f1f8a81', N'b35b5530-b42e-11eb-8529-0242ac130003', N'c8f56182-b42a-11eb-8529-0242ac130003', NULL)
INSERT [dbo].[Answer] ([Id], [EvaluationId], [QuestionId], [OptionId], [Comment]) VALUES (N'4578a51b-8a6f-4a05-951d-9a07caa3d8ba', N'eb81744c-0220-4e22-4546-08d91f1f8a81', N'a767b8cc-b42e-11eb-8529-0242ac130003', N'00000000-0000-0000-0000-000000000000', NULL)
INSERT [dbo].[Answer] ([Id], [EvaluationId], [QuestionId], [OptionId], [Comment]) VALUES (N'd630578b-9dce-469c-a296-9c26fce88424', N'731b3aca-47c3-432d-4544-08d91f1f8a81', N'914ca6e2-b42e-11eb-8529-0242ac130003', N'b02ac7dc-b42a-11eb-8529-0242ac130003', NULL)
INSERT [dbo].[Answer] ([Id], [EvaluationId], [QuestionId], [OptionId], [Comment]) VALUES (N'6e31344e-fa2d-4ad1-ad64-9e3c2ce824d3', N'eb81744c-0220-4e22-4546-08d91f1f8a81', N'9a2b552e-b42e-11eb-8529-0242ac130003', N'00000000-0000-0000-0000-000000000000', NULL)
INSERT [dbo].[Answer] ([Id], [EvaluationId], [QuestionId], [OptionId], [Comment]) VALUES (N'0d50d4b9-4d26-425c-9925-a410e1f9814b', N'731b3aca-47c3-432d-4544-08d91f1f8a81', N'90b00586-b42d-11eb-8529-0242ac130003', N'c2db002c-b42a-11eb-8529-0242ac130003', NULL)
INSERT [dbo].[Answer] ([Id], [EvaluationId], [QuestionId], [OptionId], [Comment]) VALUES (N'b314ac46-8bb7-43e4-aa9d-a49513ada8ba', N'731b3aca-47c3-432d-4544-08d91f1f8a81', N'acfceb5a-b42d-11eb-8529-0242ac130003', N'c2db002c-b42a-11eb-8529-0242ac130003', NULL)
INSERT [dbo].[Answer] ([Id], [EvaluationId], [QuestionId], [OptionId], [Comment]) VALUES (N'939b45f7-5683-4ad3-a66d-a9366c6efa14', N'731b3aca-47c3-432d-4544-08d91f1f8a81', N'99428bec-b42d-11eb-8529-0242ac130003', N'c8f56182-b42a-11eb-8529-0242ac130003', NULL)
INSERT [dbo].[Answer] ([Id], [EvaluationId], [QuestionId], [OptionId], [Comment]) VALUES (N'ead0f289-37a4-4b59-8897-aac6a51f2959', N'4e1aca24-ac45-4720-4545-08d91f1f8a81', N'f5013e84-b42c-11eb-8529-0242ac130003', N'b02ac7dc-b42a-11eb-8529-0242ac130003', NULL)
INSERT [dbo].[Answer] ([Id], [EvaluationId], [QuestionId], [OptionId], [Comment]) VALUES (N'22279451-2e96-46e7-af4c-ab90d941e91b', N'4e1aca24-ac45-4720-4545-08d91f1f8a81', N'e33e617c-b42c-11eb-8529-0242ac130003', N'aa16e4fc-b42a-11eb-8529-0242ac130003', NULL)
INSERT [dbo].[Answer] ([Id], [EvaluationId], [QuestionId], [OptionId], [Comment]) VALUES (N'afaf1c69-585f-4b69-973e-ac7bf391f102', N'731b3aca-47c3-432d-4544-08d91f1f8a81', N'a314a65e-b42e-11eb-8529-0242ac130003', N'c8f56182-b42a-11eb-8529-0242ac130003', NULL)
INSERT [dbo].[Answer] ([Id], [EvaluationId], [QuestionId], [OptionId], [Comment]) VALUES (N'257aaa5b-a516-4d84-b2cc-ad69b29c7be1', N'4e1aca24-ac45-4720-4545-08d91f1f8a81', N'fdb85a8a-b42c-11eb-8529-0242ac130003', N'b730edc2-b42a-11eb-8529-0242ac130003', NULL)
INSERT [dbo].[Answer] ([Id], [EvaluationId], [QuestionId], [OptionId], [Comment]) VALUES (N'f6f938df-5fcb-4038-8537-ae2e654fbfd8', N'731b3aca-47c3-432d-4544-08d91f1f8a81', N'9e59dd5a-b42e-11eb-8529-0242ac130003', N'c8f56182-b42a-11eb-8529-0242ac130003', NULL)
INSERT [dbo].[Answer] ([Id], [EvaluationId], [QuestionId], [OptionId], [Comment]) VALUES (N'9edb5063-ebbc-40da-9fa6-aed445c9e3fd', N'731b3aca-47c3-432d-4544-08d91f1f8a81', N'ca03e730-b42d-11eb-8529-0242ac130003', N'c8f56182-b42a-11eb-8529-0242ac130003', NULL)
INSERT [dbo].[Answer] ([Id], [EvaluationId], [QuestionId], [OptionId], [Comment]) VALUES (N'5a4450bd-275b-4ca6-9429-aede32de10c1', N'4e1aca24-ac45-4720-4545-08d91f1f8a81', N'cee75692-b42d-11eb-8529-0242ac130003', N'c2db002c-b42a-11eb-8529-0242ac130003', NULL)
INSERT [dbo].[Answer] ([Id], [EvaluationId], [QuestionId], [OptionId], [Comment]) VALUES (N'd3f16b92-8682-4a0f-b149-af7ff15e56ae', N'4e1aca24-ac45-4720-4545-08d91f1f8a81', N'd425fbae-b42d-11eb-8529-0242ac130003', N'c8f56182-b42a-11eb-8529-0242ac130003', NULL)
INSERT [dbo].[Answer] ([Id], [EvaluationId], [QuestionId], [OptionId], [Comment]) VALUES (N'bc1cfd8f-253d-45bf-847a-b3d40775d438', N'4e1aca24-ac45-4720-4545-08d91f1f8a81', N'c111b6c0-b42d-11eb-8529-0242ac130003', N'c2db002c-b42a-11eb-8529-0242ac130003', NULL)
INSERT [dbo].[Answer] ([Id], [EvaluationId], [QuestionId], [OptionId], [Comment]) VALUES (N'9c358b30-c0f7-4e3a-a9e1-bac73b2ed12c', N'731b3aca-47c3-432d-4544-08d91f1f8a81', N'b5b6f786-b42d-11eb-8529-0242ac130003', N'c2db002c-b42a-11eb-8529-0242ac130003', NULL)
INSERT [dbo].[Answer] ([Id], [EvaluationId], [QuestionId], [OptionId], [Comment]) VALUES (N'198a7a3d-fcc0-4ae2-a595-c082dee0ae49', N'731b3aca-47c3-432d-4544-08d91f1f8a81', N'94a25f36-b42d-11eb-8529-0242ac130003', N'c8f56182-b42a-11eb-8529-0242ac130003', NULL)
INSERT [dbo].[Answer] ([Id], [EvaluationId], [QuestionId], [OptionId], [Comment]) VALUES (N'6b178887-b059-4255-b029-c40a880dca40', N'4e1aca24-ac45-4720-4545-08d91f1f8a81', N'88a4a364-b42e-11eb-8529-0242ac130003', N'b02ac7dc-b42a-11eb-8529-0242ac130003', NULL)
INSERT [dbo].[Answer] ([Id], [EvaluationId], [QuestionId], [OptionId], [Comment]) VALUES (N'6a1f9fe5-9f8b-4644-926c-c64dff97eda3', N'eb81744c-0220-4e22-4546-08d91f1f8a81', N'dcf108be-b42d-11eb-8529-0242ac130003', N'00000000-0000-0000-0000-000000000000', NULL)
INSERT [dbo].[Answer] ([Id], [EvaluationId], [QuestionId], [OptionId], [Comment]) VALUES (N'264855dc-73c1-4007-aadc-cb3204894765', N'4e1aca24-ac45-4720-4545-08d91f1f8a81', N'06ab8fa4-b42d-11eb-8529-0242ac130003', N'aa16e4fc-b42a-11eb-8529-0242ac130003', NULL)
INSERT [dbo].[Answer] ([Id], [EvaluationId], [QuestionId], [OptionId], [Comment]) VALUES (N'd3b0780e-3ec8-4666-98f4-cce6b3d34ce5', N'731b3aca-47c3-432d-4544-08d91f1f8a81', N'0af3dab2-b42d-11eb-8529-0242ac130003', N'aa16e4fc-b42a-11eb-8529-0242ac130003', NULL)
INSERT [dbo].[Answer] ([Id], [EvaluationId], [QuestionId], [OptionId], [Comment]) VALUES (N'3fb80df3-2c7d-4e2d-8315-cdddfe0a960b', N'4e1aca24-ac45-4720-4545-08d91f1f8a81', N'f062e918-b42c-11eb-8529-0242ac130003', N'c8f56182-b42a-11eb-8529-0242ac130003', N'she needs more security')
INSERT [dbo].[Answer] ([Id], [EvaluationId], [QuestionId], [OptionId], [Comment]) VALUES (N'7e0e44d5-622c-40a1-ac36-d0b265c613c3', N'eb81744c-0220-4e22-4546-08d91f1f8a81', N'01e91432-b42d-11eb-8529-0242ac130003', N'00000000-0000-0000-0000-000000000000', NULL)
INSERT [dbo].[Answer] ([Id], [EvaluationId], [QuestionId], [OptionId], [Comment]) VALUES (N'48a96cf4-8ee5-43b8-9f77-d4a8e8a42ab7', N'eb81744c-0220-4e22-4546-08d91f1f8a81', N'cee75692-b42d-11eb-8529-0242ac130003', N'00000000-0000-0000-0000-000000000000', NULL)
INSERT [dbo].[Answer] ([Id], [EvaluationId], [QuestionId], [OptionId], [Comment]) VALUES (N'89a41e9e-bc38-4c1c-9cf8-d7da1e02c8ef', N'eb81744c-0220-4e22-4546-08d91f1f8a81', N'b35b5530-b42e-11eb-8529-0242ac130003', N'00000000-0000-0000-0000-000000000000', NULL)
INSERT [dbo].[Answer] ([Id], [EvaluationId], [QuestionId], [OptionId], [Comment]) VALUES (N'78dd4b5e-4fc3-4010-a254-d8643170295d', N'4e1aca24-ac45-4720-4545-08d91f1f8a81', N'9e59dd5a-b42e-11eb-8529-0242ac130003', N'c2db002c-b42a-11eb-8529-0242ac130003', N'it''s better than nothing')
INSERT [dbo].[Answer] ([Id], [EvaluationId], [QuestionId], [OptionId], [Comment]) VALUES (N'f139fa68-3fef-47a6-b0c9-db908782c230', N'eb81744c-0220-4e22-4546-08d91f1f8a81', N'ea6a3fca-b42c-11eb-8529-0242ac130003', N'00000000-0000-0000-0000-000000000000', NULL)
INSERT [dbo].[Answer] ([Id], [EvaluationId], [QuestionId], [OptionId], [Comment]) VALUES (N'63f8d49e-a923-430d-abc1-e099f154af5d', N'731b3aca-47c3-432d-4544-08d91f1f8a81', N'a90a4c22-b42d-11eb-8529-0242ac130003', N'c2db002c-b42a-11eb-8529-0242ac130003', NULL)
INSERT [dbo].[Answer] ([Id], [EvaluationId], [QuestionId], [OptionId], [Comment]) VALUES (N'dcbd5368-8ae1-41f5-8931-e11d200453d7', N'4e1aca24-ac45-4720-4545-08d91f1f8a81', N'a507c4f6-b42d-11eb-8529-0242ac130003', N'c8f56182-b42a-11eb-8529-0242ac130003', NULL)
INSERT [dbo].[Answer] ([Id], [EvaluationId], [QuestionId], [OptionId], [Comment]) VALUES (N'7f692711-0c2b-44f5-8bd8-e1680b911e29', N'4e1aca24-ac45-4720-4545-08d91f1f8a81', N'a314a65e-b42e-11eb-8529-0242ac130003', N'c8f56182-b42a-11eb-8529-0242ac130003', NULL)
INSERT [dbo].[Answer] ([Id], [EvaluationId], [QuestionId], [OptionId], [Comment]) VALUES (N'583e3683-8f43-45b9-bf10-e419706efdea', N'eb81744c-0220-4e22-4546-08d91f1f8a81', N'ca03e730-b42d-11eb-8529-0242ac130003', N'00000000-0000-0000-0000-000000000000', NULL)
INSERT [dbo].[Answer] ([Id], [EvaluationId], [QuestionId], [OptionId], [Comment]) VALUES (N'b2ef7b1a-a1a1-47e3-bf89-e5b52455964d', N'4e1aca24-ac45-4720-4545-08d91f1f8a81', N'914ca6e2-b42e-11eb-8529-0242ac130003', N'bdccfc52-b42a-11eb-8529-0242ac130003', NULL)
INSERT [dbo].[Answer] ([Id], [EvaluationId], [QuestionId], [OptionId], [Comment]) VALUES (N'49838dbe-93eb-4960-b39b-ede300382839', N'731b3aca-47c3-432d-4544-08d91f1f8a81', N'af5c5060-b42e-11eb-8529-0242ac130003', N'c2db002c-b42a-11eb-8529-0242ac130003', NULL)
INSERT [dbo].[Answer] ([Id], [EvaluationId], [QuestionId], [OptionId], [Comment]) VALUES (N'9ec95f80-bc63-4dd0-be14-f125d1041dd5', N'eb81744c-0220-4e22-4546-08d91f1f8a81', N'b5b6f786-b42d-11eb-8529-0242ac130003', N'00000000-0000-0000-0000-000000000000', NULL)
INSERT [dbo].[Answer] ([Id], [EvaluationId], [QuestionId], [OptionId], [Comment]) VALUES (N'8bc1a57e-2f95-463f-91ee-f310eb64025f', N'4e1aca24-ac45-4720-4545-08d91f1f8a81', N'90b00586-b42d-11eb-8529-0242ac130003', N'c8f56182-b42a-11eb-8529-0242ac130003', N'she always oversleeps')
INSERT [dbo].[Answer] ([Id], [EvaluationId], [QuestionId], [OptionId], [Comment]) VALUES (N'2427a882-78df-4d3b-863a-f44e54ead484', N'731b3aca-47c3-432d-4544-08d91f1f8a81', N'a767b8cc-b42e-11eb-8529-0242ac130003', N'c2db002c-b42a-11eb-8529-0242ac130003', NULL)
INSERT [dbo].[Answer] ([Id], [EvaluationId], [QuestionId], [OptionId], [Comment]) VALUES (N'fc8020f5-f039-4873-909a-f57296ee9f1f', N'4e1aca24-ac45-4720-4545-08d91f1f8a81', N'e1dd1f3e-b42d-11eb-8529-0242ac130003', N'c8f56182-b42a-11eb-8529-0242ac130003', NULL)
INSERT [dbo].[Answer] ([Id], [EvaluationId], [QuestionId], [OptionId], [Comment]) VALUES (N'9c4acc53-0cbe-4228-a570-f5d51657a846', N'731b3aca-47c3-432d-4544-08d91f1f8a81', N'ea6a3fca-b42c-11eb-8529-0242ac130003', N'5da46d24-b42a-11eb-8529-0242ac130003', NULL)
INSERT [dbo].[Answer] ([Id], [EvaluationId], [QuestionId], [OptionId], [Comment]) VALUES (N'd04826e6-9b9d-41e4-a8df-f852215d1243', N'4e1aca24-ac45-4720-4545-08d91f1f8a81', N'acfceb5a-b42d-11eb-8529-0242ac130003', N'c8f56182-b42a-11eb-8529-0242ac130003', N'nope')
INSERT [dbo].[Answer] ([Id], [EvaluationId], [QuestionId], [OptionId], [Comment]) VALUES (N'7ea14748-584f-490c-bba8-f9e156af4a76', N'eb81744c-0220-4e22-4546-08d91f1f8a81', N'bd4bdaba-b42e-11eb-8529-0242ac130003', N'00000000-0000-0000-0000-000000000000', NULL)
INSERT [dbo].[Answer] ([Id], [EvaluationId], [QuestionId], [OptionId], [Comment]) VALUES (N'e01a8036-e8c2-4185-8894-fb5d9ca0983f', N'4e1aca24-ac45-4720-4545-08d91f1f8a81', N'b5b6f786-b42d-11eb-8529-0242ac130003', N'c2db002c-b42a-11eb-8529-0242ac130003', NULL)
INSERT [dbo].[Answer] ([Id], [EvaluationId], [QuestionId], [OptionId], [Comment]) VALUES (N'ab26e109-1e87-403c-adde-fec572c11d15', N'4e1aca24-ac45-4720-4545-08d91f1f8a81', N'0af3dab2-b42d-11eb-8529-0242ac130003', N'bdccfc52-b42a-11eb-8529-0242ac130003', NULL)
INSERT [dbo].[Answer] ([Id], [EvaluationId], [QuestionId], [OptionId], [Comment]) VALUES (N'b23024b8-e419-4447-87fb-ff107c527ad9', N'4e1aca24-ac45-4720-4545-08d91f1f8a81', N'a90a4c22-b42d-11eb-8529-0242ac130003', N'c8f56182-b42a-11eb-8529-0242ac130003', NULL)
GO

INSERT [dbo].[Grade] ([Id], [Name], [Color], [Value], [GPA]) VALUES (N'a7ffd924-aff6-410a-98a1-133bc399126d', N'A', N'#008f2b', 9, 4)
INSERT [dbo].[Grade] ([Id], [Name], [Color], [Value], [GPA]) VALUES (N'fa2660e3-a0fc-429e-baa7-1e9d03f05295', N'D', N'#f91c03', 0, 1)
INSERT [dbo].[Grade] ([Id], [Name], [Color], [Value], [GPA]) VALUES (N'9e6ee1c4-d2d5-427c-aaf8-44fde1542102', N'B+', N'#008f2b', 7, 3.3)
INSERT [dbo].[Grade] ([Id], [Name], [Color], [Value], [GPA]) VALUES (N'a6b92cc7-4e5d-4095-9e54-5f064f5fb07e', N'C-', N'#e1ea02', 2, 1.7)
INSERT [dbo].[Grade] ([Id], [Name], [Color], [Value], [GPA]) VALUES (N'9b8f1174-4044-4458-b86a-6599eb290aa6', N'A+', N'#008f2b', 10, 4.3)
INSERT [dbo].[Grade] ([Id], [Name], [Color], [Value], [GPA]) VALUES (N'58a8b2a5-ba06-4314-a705-b88232f4a491', N'B-', N'#e1ea02', 5, 2.7)
INSERT [dbo].[Grade] ([Id], [Name], [Color], [Value], [GPA]) VALUES (N'fd244f2a-3146-45d2-9902-bcc36c90b1b3', N'D+', N'#f91c03', 1, 1.3)
INSERT [dbo].[Grade] ([Id], [Name], [Color], [Value], [GPA]) VALUES (N'a99ca7ca-d594-401b-ba6d-c1ee7f0527e5', N'C+', N'#e1ea02', 4, 2.3)
INSERT [dbo].[Grade] ([Id], [Name], [Color], [Value], [GPA]) VALUES (N'960ca2ed-b325-4e96-b405-cf245e9436f1', N'B', N'#008f2b', 6, 3)
INSERT [dbo].[Grade] ([Id], [Name], [Color], [Value], [GPA]) VALUES (N'0e10419f-9aba-4318-b801-d7e97b23c5e0', N'C', N'#e1ea02', 3, 2)
INSERT [dbo].[Grade] ([Id], [Name], [Color], [Value], [GPA]) VALUES (N'43ce3d47-e5c7-4f6b-bc39-dd5ed408d653', N'A-', N'#008f2b', 8, 3.7)
GO

INSERT [dbo].[ProgramVersion] ([Id], [Name], [StartDate], [EndDate], [UserId], [ProgramId]) VALUES (N'b386b97c-6dec-45d3-a78a-89bd32d1bcd3', N'Dev914968', N'2022-01-01T00:00:00.0000000Z', N'2022-12-31T00:00:00.0000000Z', N'22ffc534-1d83-44d5-b264-1e17feabd322', N'4fffc534-1d83-44d5-b264-1e17f2abd322')
INSERT [dbo].[ProgramVersion] ([Id], [Name], [StartDate], [EndDate], [UserId], [ProgramId]) VALUES (N'9dc0bce3-6a4f-45e5-bf60-df0dc81d1c4b', N'Dev915000', N'2022-01-01T00:00:00.0000000Z', N'2022-12-31T00:00:00.0000000Z', N'22ffc534-1d83-44d5-b264-1e17feabd322', N'4fffc534-1d83-44d5-b264-1e17f2abd322')
INSERT [dbo].[ProgramVersion] ([Id], [Name], [StartDate], [EndDate], [UserId], [ProgramId]) VALUES (N'647fc1b6-f075-487d-9b43-eaf2648d84de', N'Dev914927', N'2022-01-01T00:00:00.0000000Z', N'2022-12-31T00:00:00.0000000Z', N'22ffc534-1d83-44d5-b264-1e17feabd322', N'4fffc534-1d83-44d5-b264-1e17f2abd322')
INSERT [dbo].[ProgramVersion] ([Id], [Name], [StartDate], [EndDate], [UserId], [ProgramId]) VALUES (N'cd9f6b3e-c17e-4310-a8f2-ebfc5abc1389', N'Dev910001', N'2021-01-01T00:00:00.0000000Z', N'2021-12-31T00:00:00.0000000Z', N'22ffc534-1d83-44d5-b264-1e17feabd322', N'4fffc534-1d83-44d5-b264-1e17f2abd322')
GO

INSERT [dbo].[Stage] ([Id], [StageNumber], [Name], [StartDate], [EndDate], [ApprovalRequired], [ProgramVersionId]) VALUES (N'dd435f3d-d578-4a31-bb3a-07be998313d9', 3, N'Mocked Frontend', N'2022-01-01T00:00:00.0000000Z', N'2022-12-31T00:00:00.0000000Z', 0, N'9dc0bce3-6a4f-45e5-bf60-df0dc81d1c4b')
INSERT [dbo].[Stage] ([Id], [StageNumber], [Name], [StartDate], [EndDate], [ApprovalRequired], [ProgramVersionId]) VALUES (N'0a5a03f6-979c-4f19-8913-712814d566b9', 4, N'Mocked Full Stack', N'2021-01-01T00:00:00.0000000Z', N'2021-12-31T00:00:00.0000000Z', 1, N'cd9f6b3e-c17e-4310-a8f2-ebfc5abc1389')
INSERT [dbo].[Stage] ([Id], [StageNumber], [Name], [StartDate], [EndDate], [ApprovalRequired], [ProgramVersionId]) VALUES (N'ebdbdcaf-af71-4351-9376-cb1ca3ad3347', 3, N'Mocked Frontend', N'2022-01-01T00:00:00.0000000Z', N'2022-12-31T00:00:00.0000000Z', 0, N'b386b97c-6dec-45d3-a78a-89bd32d1bcd3')
INSERT [dbo].[Stage] ([Id], [StageNumber], [Name], [StartDate], [EndDate], [ApprovalRequired], [ProgramVersionId]) VALUES (N'3d0d6f3f-5827-4bf9-a213-f062999db7f5', 4, N'Mocked Full Stack', N'2022-01-01T00:00:00.0000000Z', N'2022-12-31T00:00:00.0000000Z', 1, N'647fc1b6-f075-487d-9b43-eaf2648d84de')
GO

INSERT [dbo].[Subject] ([Id], [SubjectNumber], [Name], [UserId], [StageId]) VALUES (N'60b9b0e3-8387-4f88-b152-22b92eaf478b', 26, N'ReactJs', N'22ffc534-1d83-44d5-b264-1e17feabd322', N'3d0d6f3f-5827-4bf9-a213-f062999db7f5')
INSERT [dbo].[Subject] ([Id], [SubjectNumber], [Name], [UserId], [StageId]) VALUES (N'1eac9f4b-25d3-4312-aaf9-6a34de1230db', 26, N'ReactJs', N'22ffc534-1d83-44d5-b264-1e17feabd322', N'dd435f3d-d578-4a31-bb3a-07be998313d9')
INSERT [dbo].[Subject] ([Id], [SubjectNumber], [Name], [UserId], [StageId]) VALUES (N'cbf9b0c1-2291-47ad-9f45-ee668e4bbf6d', 26, N'JavaScript', N'22ffc534-1d83-44d5-b264-1e17feabd322', N'ebdbdcaf-af71-4351-9376-cb1ca3ad3347')
INSERT [dbo].[Subject] ([Id], [SubjectNumber], [Name], [UserId], [StageId]) VALUES (N'8605dd66-28db-469e-8951-ef0b0052ff3c', 26, N'JavaScript', N'22ffc534-1d83-44d5-b264-1e17feabd322', N'0a5a03f6-979c-4f19-8913-712814d566b9')
GO

INSERT [dbo].[Person] ([Id], [FirstName], [LastName], [CI], [PersonalEmail], [Issued], [CurrentCity], [Gender], [PhoneNumber]) VALUES (N'34ced625-263e-4801-b299-aa9b79d9ba79', N'Madison', N'Acevedo', N'Dev910001', N'scholar@gmail.com', N'cbba', N'cba', N'male', N'76912345')
INSERT [dbo].[Person] ([Id], [FirstName], [LastName], [CI], [PersonalEmail], [Issued], [CurrentCity], [Gender], [PhoneNumber]) VALUES (N'7bf65ca9-5aa0-4f1f-95a3-aa9b8eebdaec', N'Carlos', N'Alonso', N'Dev910001', N'scholar@gmail.com', N'cbba', N'cba', N'male', N'76912345')
INSERT [dbo].[Person] ([Id], [FirstName], [LastName], [CI], [PersonalEmail], [Issued], [CurrentCity], [Gender], [PhoneNumber]) VALUES (N'4733e3ab-b240-4d4f-b737-aa9be6fb6916', N'Robert', N'Alonso', N'Dev910001', N'scholar@gmail.com', N'cbba', N'cba', N'male', N'76912345')
INSERT [dbo].[Person] ([Id], [FirstName], [LastName], [CI], [PersonalEmail], [Issued], [CurrentCity], [Gender], [PhoneNumber]) VALUES (N'5098a98c-1701-477c-9c4b-aa9caf716172', N'Sharon', N'Alexander', N'Dev910001', N'scholar@gmail.com', N'cbba', N'cba', N'male', N'76912345')
INSERT [dbo].[Person] ([Id], [FirstName], [LastName], [CI], [PersonalEmail], [Issued], [CurrentCity], [Gender], [PhoneNumber]) VALUES (N'de1b3cb5-e1ff-4ef5-b4c4-aa9cbd1d2434', N'Kaitlyn', N'Adams', N'Dev910001', N'scholar@gmail.com', N'cbba', N'cba', N'male', N'76912345')
INSERT [dbo].[Person] ([Id], [FirstName], [LastName], [CI], [PersonalEmail], [Issued], [CurrentCity], [Gender], [PhoneNumber]) VALUES (N'1b92138e-15e2-4c29-83d5-aa9ced72fc2a', N'Jésus', N'Alexander', N'Dev910001', N'scholar@gmail.com', N'cbba', N'cba', N'male', N'76912345')
INSERT [dbo].[Person] ([Id], [FirstName], [LastName], [CI], [PersonalEmail], [Issued], [CurrentCity], [Gender], [PhoneNumber]) VALUES (N'b70281c5-18e9-49ee-8745-aa9cfb76fc57', N'Clarence', N'Adams', N'Dev910001', N'scholar@gmail.com', N'cbba', N'cba', N'male', N'76912345')
INSERT [dbo].[Person] ([Id], [FirstName], [LastName], [CI], [PersonalEmail], [Issued], [CurrentCity], [Gender], [PhoneNumber]) VALUES (N'fc4bee4f-de40-486a-a763-aa9d88df2ecf', N'Victoria', N'Adams', N'Dev910001', N'scholar@gmail.com', N'cbba', N'cba', N'male', N'76912345')
INSERT [dbo].[Person] ([Id], [FirstName], [LastName], [CI], [PersonalEmail], [Issued], [CurrentCity], [Gender], [PhoneNumber]) VALUES (N'39196c84-dbb7-4bae-b8f6-aa9dabae1905', N'Kristine', N'Alexander', N'Dev910001', N'scholar@gmail.com', N'cbba', N'cba', N'male', N'76912345')
INSERT [dbo].[Person] ([Id], [FirstName], [LastName], [CI], [PersonalEmail], [Issued], [CurrentCity], [Gender], [PhoneNumber]) VALUES (N'c0833e98-a46b-49ad-bba0-aa9dee39ea5f', N'Andrea', N'Alvarez', N'Dev910001', N'scholar@gmail.com', N'cbba', N'cba', N'male', N'76912345')
INSERT [dbo].[Person] ([Id], [FirstName], [LastName], [CI], [PersonalEmail], [Issued], [CurrentCity], [Gender], [PhoneNumber]) VALUES (N'8c7e4904-f5e2-405b-bfa8-aa9e0f9988ed', N'Seth', N'Albright', N'Dev910001', N'scholar@gmail.com', N'cbba', N'cba', N'male', N'76912345')
INSERT [dbo].[Person] ([Id], [FirstName], [LastName], [CI], [PersonalEmail], [Issued], [CurrentCity], [Gender], [PhoneNumber]) VALUES (N'4a49793f-7e34-4dd1-9a1c-aa9e2f23a2e6', N'Natasha', N'Alvarez', N'Dev910001', N'scholar@gmail.com', N'cbba', N'cba', N'male', N'76912345')
INSERT [dbo].[Person] ([Id], [FirstName], [LastName], [CI], [PersonalEmail], [Issued], [CurrentCity], [Gender], [PhoneNumber]) VALUES (N'1a6615e7-d4ba-46c5-8e07-aa9e3a52fe99', N'Randall', N'Allen', N'Dev910001', N'scholar@gmail.com', N'cbba', N'cba', N'male', N'76912345')
INSERT [dbo].[Person] ([Id], [FirstName], [LastName], [CI], [PersonalEmail], [Issued], [CurrentCity], [Gender], [PhoneNumber]) VALUES (N'42b05634-d773-4d88-8a8b-aa9e6aec8aa5', N'Gina', N'Alexander', N'Dev910001', N'scholar@gmail.com', N'cbba', N'cba', N'male', N'76912345')
INSERT [dbo].[Person] ([Id], [FirstName], [LastName], [CI], [PersonalEmail], [Issued], [CurrentCity], [Gender], [PhoneNumber]) VALUES (N'b59eb972-827c-42b9-a878-aa9ec5f599a7', N'Jay', N'Adams', N'Dev910001', N'scholar@gmail.com', N'cbba', N'cba', N'male', N'76912345')
INSERT [dbo].[Person] ([Id], [FirstName], [LastName], [CI], [PersonalEmail], [Issued], [CurrentCity], [Gender], [PhoneNumber]) VALUES (N'cbde0e73-f4f5-437c-8399-aa9f4f97a7d5', N'Charles', N'Alvarez', N'Dev910001', N'scholar@gmail.com', N'cbba', N'cba', N'male', N'76912345')
INSERT [dbo].[Person] ([Id], [FirstName], [LastName], [CI], [PersonalEmail], [Issued], [CurrentCity], [Gender], [PhoneNumber]) VALUES (N'435060ca-f88d-4a27-93d1-aa9f5d2b4739', N'Carl', N'Allen', N'Dev910001', N'scholar@gmail.com', N'cbba', N'cba', N'male', N'76912345')
INSERT [dbo].[Person] ([Id], [FirstName], [LastName], [CI], [PersonalEmail], [Issued], [CurrentCity], [Gender], [PhoneNumber]) VALUES (N'66ead34e-43d1-4fe4-b40b-aa9f9da43526', N'Jimmy', N'Adams', N'Dev910001', N'scholar@gmail.com', N'cbba', N'cba', N'male', N'76912345')
INSERT [dbo].[Person] ([Id], [FirstName], [LastName], [CI], [PersonalEmail], [Issued], [CurrentCity], [Gender], [PhoneNumber]) VALUES (N'57a9429c-3519-40e0-b10c-aa9fe2a741b0', N'Jordan', N'Alexander', N'Dev910001', N'scholar@gmail.com', N'cbba', N'cba', N'male', N'76912345')
INSERT [dbo].[Person] ([Id], [FirstName], [LastName], [CI], [PersonalEmail], [Issued], [CurrentCity], [Gender], [PhoneNumber]) VALUES (N'aae89dab-185f-492b-8181-aaa01b58214c', N'Alexia', N'Abercrombie', N'Dev910001', N'scholar@gmail.com', N'cbba', N'cba', N'male', N'76912345')
INSERT [dbo].[Person] ([Id], [FirstName], [LastName], [CI], [PersonalEmail], [Issued], [CurrentCity], [Gender], [PhoneNumber]) VALUES (N'107dfc1b-7854-4003-a499-fec16033ffc0', N'Hector', N'Allen', N'Dev914927', N'scholar@gmail.com', N'cbba', N'cba', N'male', N'76912345')
INSERT [dbo].[Person] ([Id], [FirstName], [LastName], [CI], [PersonalEmail], [Issued], [CurrentCity], [Gender], [PhoneNumber]) VALUES (N'd1c97141-aee4-4695-87c6-fec17dd7113d', N'Isaac', N'Alonso', N'Dev914927', N'scholar@gmail.com', N'cbba', N'cba', N'male', N'76912345')
INSERT [dbo].[Person] ([Id], [FirstName], [LastName], [CI], [PersonalEmail], [Issued], [CurrentCity], [Gender], [PhoneNumber]) VALUES (N'4dda5467-8627-465b-bafc-fec1a2beed3a', N'Orlando', N'Adams', N'Dev914927', N'scholar@gmail.com', N'cbba', N'cba', N'male', N'76912345')
INSERT [dbo].[Person] ([Id], [FirstName], [LastName], [CI], [PersonalEmail], [Issued], [CurrentCity], [Gender], [PhoneNumber]) VALUES (N'fe7f8761-8ae2-47ca-9baf-fec1afb8356e', N'Natalie', N'Alonso', N'Dev914927', N'scholar@gmail.com', N'cbba', N'cba', N'male', N'76912345')
INSERT [dbo].[Person] ([Id], [FirstName], [LastName], [CI], [PersonalEmail], [Issued], [CurrentCity], [Gender], [PhoneNumber]) VALUES (N'e4222113-2f3e-4a20-911a-fec1d63011f1', N'Diane', N'Alexander', N'Dev914927', N'scholar@gmail.com', N'cbba', N'cba', N'male', N'76912345')
INSERT [dbo].[Person] ([Id], [FirstName], [LastName], [CI], [PersonalEmail], [Issued], [CurrentCity], [Gender], [PhoneNumber]) VALUES (N'd6947fdf-b4a6-42eb-a767-fec1e02c7bcb', N'Noah', N'Allen', N'Dev914927', N'scholar@gmail.com', N'cbba', N'cba', N'male', N'76912345')
INSERT [dbo].[Person] ([Id], [FirstName], [LastName], [CI], [PersonalEmail], [Issued], [CurrentCity], [Gender], [PhoneNumber]) VALUES (N'b70cdb69-b3c3-48f8-9cd7-fec1f9879eb0', N'Dana', N'Alexander', N'Dev914927', N'scholar@gmail.com', N'cbba', N'cba', N'male', N'76912345')
INSERT [dbo].[Person] ([Id], [FirstName], [LastName], [CI], [PersonalEmail], [Issued], [CurrentCity], [Gender], [PhoneNumber]) VALUES (N'89b34777-1f1c-46b1-bafa-fec20fb0d90c', N'Jay', N'Alonso', N'Dev914927', N'scholar@gmail.com', N'cbba', N'cba', N'male', N'76912345')
INSERT [dbo].[Person] ([Id], [FirstName], [LastName], [CI], [PersonalEmail], [Issued], [CurrentCity], [Gender], [PhoneNumber]) VALUES (N'33db7697-fb42-411e-b0a3-fec2370846b0', N'Jodi', N'Abbas', N'Dev914927', N'scholar@gmail.com', N'cbba', N'cba', N'male', N'76912345')
INSERT [dbo].[Person] ([Id], [FirstName], [LastName], [CI], [PersonalEmail], [Issued], [CurrentCity], [Gender], [PhoneNumber]) VALUES (N'ef6887f4-9a2e-48d7-aee3-fec287136426', N'Natalie', N'Abbas', N'Dev914927', N'scholar@gmail.com', N'cbba', N'cba', N'male', N'76912345')
INSERT [dbo].[Person] ([Id], [FirstName], [LastName], [CI], [PersonalEmail], [Issued], [CurrentCity], [Gender], [PhoneNumber]) VALUES (N'acc550ad-9826-4d2b-a1e7-fec2d4b655ce', N'Jonathan', N'Alvarez', N'Dev914927', N'scholar@gmail.com', N'cbba', N'cba', N'male', N'76912345')
INSERT [dbo].[Person] ([Id], [FirstName], [LastName], [CI], [PersonalEmail], [Issued], [CurrentCity], [Gender], [PhoneNumber]) VALUES (N'ab1444ce-1f71-433f-a722-fec332e13e3f', N'Micheal', N'Alonso', N'Dev914927', N'scholar@gmail.com', N'cbba', N'cba', N'male', N'76912345')
INSERT [dbo].[Person] ([Id], [FirstName], [LastName], [CI], [PersonalEmail], [Issued], [CurrentCity], [Gender], [PhoneNumber]) VALUES (N'd8509047-3728-430a-9686-fec33523aa09', N'Jay', N'Alexander', N'Dev914927', N'scholar@gmail.com', N'cbba', N'cba', N'male', N'76912345')
INSERT [dbo].[Person] ([Id], [FirstName], [LastName], [CI], [PersonalEmail], [Issued], [CurrentCity], [Gender], [PhoneNumber]) VALUES (N'c1218133-85fd-4758-b163-fec3e2d6e530', N'Gabrielle', N'Alexander', N'Dev914927', N'scholar@gmail.com', N'cbba', N'cba', N'male', N'76912345')
INSERT [dbo].[Person] ([Id], [FirstName], [LastName], [CI], [PersonalEmail], [Issued], [CurrentCity], [Gender], [PhoneNumber]) VALUES (N'a6895b0b-1610-4ec4-a5f1-fec413c5c1b5', N'Lawrence', N'Alonso', N'Dev914927', N'scholar@gmail.com', N'cbba', N'cba', N'male', N'76912345')
INSERT [dbo].[Person] ([Id], [FirstName], [LastName], [CI], [PersonalEmail], [Issued], [CurrentCity], [Gender], [PhoneNumber]) VALUES (N'38c27596-ad24-4f4a-b41a-fec41b3b7aeb', N'Louis', N'Alonso', N'Dev914927', N'scholar@gmail.com', N'cbba', N'cba', N'male', N'76912345')
INSERT [dbo].[Person] ([Id], [FirstName], [LastName], [CI], [PersonalEmail], [Issued], [CurrentCity], [Gender], [PhoneNumber]) VALUES (N'43afda20-71c8-4cf6-a7f1-fec41dd5b069', N'Armando', N'Alonso', N'Dev914927', N'scholar@gmail.com', N'cbba', N'cba', N'male', N'76912345')
INSERT [dbo].[Person] ([Id], [FirstName], [LastName], [CI], [PersonalEmail], [Issued], [CurrentCity], [Gender], [PhoneNumber]) VALUES (N'2ff7d29c-5c56-4d80-983c-fec42a420109', N'Mary', N'Adams', N'Dev914927', N'scholar@gmail.com', N'cbba', N'cba', N'male', N'76912345')
INSERT [dbo].[Person] ([Id], [FirstName], [LastName], [CI], [PersonalEmail], [Issued], [CurrentCity], [Gender], [PhoneNumber]) VALUES (N'1107dfb9-242e-42d3-83dd-fec43fbd83ec', N'Milton', N'Alexander', N'Dev914927', N'scholar@gmail.com', N'cbba', N'cba', N'male', N'76912345')
INSERT [dbo].[Person] ([Id], [FirstName], [LastName], [CI], [PersonalEmail], [Issued], [CurrentCity], [Gender], [PhoneNumber]) VALUES (N'd5cd9831-c49a-4b94-834b-fec45ec759b6', N'Rebecca', N'Alvarez', N'Dev914927', N'scholar@gmail.com', N'cbba', N'cba', N'male', N'76912345')
INSERT [dbo].[Person] ([Id], [FirstName], [LastName], [CI], [PersonalEmail], [Issued], [CurrentCity], [Gender], [PhoneNumber]) VALUES (N'10e75283-3aff-4d19-a7c8-ff726220942b', N'Natalie', N'Alexander', N'Dev914968', N'scholar@gmail.com', N'cbba', N'cba', N'male', N'76912345')
INSERT [dbo].[Person] ([Id], [FirstName], [LastName], [CI], [PersonalEmail], [Issued], [CurrentCity], [Gender], [PhoneNumber]) VALUES (N'ebd34420-912c-46d0-9cd0-ff728dd3b91c', N'Logan', N'Adams', N'Dev914968', N'scholar@gmail.com', N'cbba', N'cba', N'male', N'76912345')
INSERT [dbo].[Person] ([Id], [FirstName], [LastName], [CI], [PersonalEmail], [Issued], [CurrentCity], [Gender], [PhoneNumber]) VALUES (N'b5eff7f7-db07-4c2a-a915-ff728f3a7550', N'Kristi', N'Alvarez', N'Dev914968', N'scholar@gmail.com', N'cbba', N'cba', N'male', N'76912345')
INSERT [dbo].[Person] ([Id], [FirstName], [LastName], [CI], [PersonalEmail], [Issued], [CurrentCity], [Gender], [PhoneNumber]) VALUES (N'40616e28-615a-44af-a353-ff72d3c1d61c', N'Pilar', N'Alonso', N'Dev914968', N'scholar@gmail.com', N'cbba', N'cba', N'male', N'76912345')
INSERT [dbo].[Person] ([Id], [FirstName], [LastName], [CI], [PersonalEmail], [Issued], [CurrentCity], [Gender], [PhoneNumber]) VALUES (N'a0b00ded-223f-4bf5-8b96-ff735a4899af', N'Gloria', N'Alexander', N'Dev914968', N'scholar@gmail.com', N'cbba', N'cba', N'male', N'76912345')
INSERT [dbo].[Person] ([Id], [FirstName], [LastName], [CI], [PersonalEmail], [Issued], [CurrentCity], [Gender], [PhoneNumber]) VALUES (N'46f8fb98-9f6c-428b-a4c6-ff73d84a32d8', N'Edward', N'Allen', N'Dev914968', N'scholar@gmail.com', N'cbba', N'cba', N'male', N'76912345')
INSERT [dbo].[Person] ([Id], [FirstName], [LastName], [CI], [PersonalEmail], [Issued], [CurrentCity], [Gender], [PhoneNumber]) VALUES (N'ce241b5d-e2c9-4de9-b09e-ff745214c385', N'Theresa', N'Alonso', N'Dev914968', N'scholar@gmail.com', N'cbba', N'cba', N'male', N'76912345')
INSERT [dbo].[Person] ([Id], [FirstName], [LastName], [CI], [PersonalEmail], [Issued], [CurrentCity], [Gender], [PhoneNumber]) VALUES (N'07db8d40-2854-455c-b23f-ff749978bea9', N'Alexandra', N'Allen', N'Dev914968', N'scholar@gmail.com', N'cbba', N'cba', N'male', N'76912345')
INSERT [dbo].[Person] ([Id], [FirstName], [LastName], [CI], [PersonalEmail], [Issued], [CurrentCity], [Gender], [PhoneNumber]) VALUES (N'fceafc7c-7991-4440-950e-ff74a49e3e1a', N'Robert', N'Alvarez', N'Dev914968', N'scholar@gmail.com', N'cbba', N'cba', N'male', N'76912345')
INSERT [dbo].[Person] ([Id], [FirstName], [LastName], [CI], [PersonalEmail], [Issued], [CurrentCity], [Gender], [PhoneNumber]) VALUES (N'e4b66c55-9fe4-46af-b377-ff74d5d25081', N'Joy', N'Alvarez', N'Dev914968', N'scholar@gmail.com', N'cbba', N'cba', N'male', N'76912345')
INSERT [dbo].[Person] ([Id], [FirstName], [LastName], [CI], [PersonalEmail], [Issued], [CurrentCity], [Gender], [PhoneNumber]) VALUES (N'875a2612-4317-4d8d-96df-ff752223fee6', N'Dustin', N'Adams', N'Dev914968', N'scholar@gmail.com', N'cbba', N'cba', N'male', N'76912345')
INSERT [dbo].[Person] ([Id], [FirstName], [LastName], [CI], [PersonalEmail], [Issued], [CurrentCity], [Gender], [PhoneNumber]) VALUES (N'cf7d5090-4551-4f56-b8ac-ff75382a45fa', N'Ethan', N'Adams', N'Dev914968', N'scholar@gmail.com', N'cbba', N'cba', N'male', N'76912345')
INSERT [dbo].[Person] ([Id], [FirstName], [LastName], [CI], [PersonalEmail], [Issued], [CurrentCity], [Gender], [PhoneNumber]) VALUES (N'd5bfa3fd-0fe9-46b4-b5c4-ff755fd03050', N'Ricky', N'Alexander', N'Dev914968', N'scholar@gmail.com', N'cbba', N'cba', N'male', N'76912345')
INSERT [dbo].[Person] ([Id], [FirstName], [LastName], [CI], [PersonalEmail], [Issued], [CurrentCity], [Gender], [PhoneNumber]) VALUES (N'4832e3a5-538b-4393-a421-ff757de20153', N'Danny', N'Adams', N'Dev914968', N'scholar@gmail.com', N'cbba', N'cba', N'male', N'76912345')
INSERT [dbo].[Person] ([Id], [FirstName], [LastName], [CI], [PersonalEmail], [Issued], [CurrentCity], [Gender], [PhoneNumber]) VALUES (N'90f72ad4-990f-4657-9e66-ff758735e4ff', N'Kristi', N'Allen', N'Dev914968', N'scholar@gmail.com', N'cbba', N'cba', N'male', N'76912345')
INSERT [dbo].[Person] ([Id], [FirstName], [LastName], [CI], [PersonalEmail], [Issued], [CurrentCity], [Gender], [PhoneNumber]) VALUES (N'f36faf37-036c-46da-8895-ff759049743d', N'Charles', N'Alexander', N'Dev914968', N'scholar@gmail.com', N'cbba', N'cba', N'male', N'76912345')
INSERT [dbo].[Person] ([Id], [FirstName], [LastName], [CI], [PersonalEmail], [Issued], [CurrentCity], [Gender], [PhoneNumber]) VALUES (N'ca7871c3-65bb-431a-8af7-ff75a14b58b3', N'Felicia', N'Alvarez', N'Dev914968', N'scholar@gmail.com', N'cbba', N'cba', N'male', N'76912345')
INSERT [dbo].[Person] ([Id], [FirstName], [LastName], [CI], [PersonalEmail], [Issued], [CurrentCity], [Gender], [PhoneNumber]) VALUES (N'7a79bbae-15b9-4067-8c2d-ff75abd3ed88', N'Keith', N'Alonso', N'Dev914968', N'scholar@gmail.com', N'cbba', N'cba', N'male', N'76912345')
INSERT [dbo].[Person] ([Id], [FirstName], [LastName], [CI], [PersonalEmail], [Issued], [CurrentCity], [Gender], [PhoneNumber]) VALUES (N'1fb4fe1f-c5d1-4b71-97b6-ff76155bf335', N'Jonathan', N'Alvarez', N'Dev914968', N'scholar@gmail.com', N'cbba', N'cba', N'male', N'76912345')
INSERT [dbo].[Person] ([Id], [FirstName], [LastName], [CI], [PersonalEmail], [Issued], [CurrentCity], [Gender], [PhoneNumber]) VALUES (N'20f6bc24-69a0-4111-8d85-ff7618355488', N'Desiree', N'Adams', N'Dev914968', N'scholar@gmail.com', N'cbba', N'cba', N'male', N'76912345')
INSERT [dbo].[Person] ([Id], [FirstName], [LastName], [CI], [PersonalEmail], [Issued], [CurrentCity], [Gender], [PhoneNumber]) VALUES (N'c728a0f3-9009-45ae-b7dd-fffc7a79b9df', N'Blake', N'Alexander', N'Dev915000', N'scholar@gmail.com', N'cbba', N'cba', N'male', N'76912345')
INSERT [dbo].[Person] ([Id], [FirstName], [LastName], [CI], [PersonalEmail], [Issued], [CurrentCity], [Gender], [PhoneNumber]) VALUES (N'891d7e57-bad7-4b2f-a5a2-fffcb155d5fa', N'Kurt', N'Allen', N'Dev915000', N'scholar@gmail.com', N'cbba', N'cba', N'male', N'76912345')
INSERT [dbo].[Person] ([Id], [FirstName], [LastName], [CI], [PersonalEmail], [Issued], [CurrentCity], [Gender], [PhoneNumber]) VALUES (N'33f546a5-d09f-41c5-8d7c-fffcf82733fe', N'Jacquelyn', N'Alexander', N'Dev915000', N'scholar@gmail.com', N'cbba', N'cba', N'male', N'76912345')
INSERT [dbo].[Person] ([Id], [FirstName], [LastName], [CI], [PersonalEmail], [Issued], [CurrentCity], [Gender], [PhoneNumber]) VALUES (N'c7725d18-e6fa-429b-aec1-fffd104bb407', N'Stacy', N'Alexander', N'Dev915000', N'scholar@gmail.com', N'cbba', N'cba', N'male', N'76912345')
INSERT [dbo].[Person] ([Id], [FirstName], [LastName], [CI], [PersonalEmail], [Issued], [CurrentCity], [Gender], [PhoneNumber]) VALUES (N'2a929f95-b91e-4824-b610-fffd2068b8ba', N'Joy', N'Alvarez', N'Dev915000', N'scholar@gmail.com', N'cbba', N'cba', N'male', N'76912345')
INSERT [dbo].[Person] ([Id], [FirstName], [LastName], [CI], [PersonalEmail], [Issued], [CurrentCity], [Gender], [PhoneNumber]) VALUES (N'3a2cb2e0-4b89-4094-adb7-fffd401a53b2', N'Kim', N'Alonso', N'Dev915000', N'scholar@gmail.com', N'cbba', N'cba', N'male', N'76912345')
INSERT [dbo].[Person] ([Id], [FirstName], [LastName], [CI], [PersonalEmail], [Issued], [CurrentCity], [Gender], [PhoneNumber]) VALUES (N'341f5315-39d5-4734-877a-fffd51ffa31d', N'Jordan', N'Agcaoili', N'Dev915000', N'scholar@gmail.com', N'cbba', N'cba', N'male', N'76912345')
INSERT [dbo].[Person] ([Id], [FirstName], [LastName], [CI], [PersonalEmail], [Issued], [CurrentCity], [Gender], [PhoneNumber]) VALUES (N'88e74231-c73a-4e3c-b2b7-fffd664832f0', N'Gabriella', N'Agcaoili', N'Dev915000', N'scholar@gmail.com', N'cbba', N'cba', N'male', N'76912345')
INSERT [dbo].[Person] ([Id], [FirstName], [LastName], [CI], [PersonalEmail], [Issued], [CurrentCity], [Gender], [PhoneNumber]) VALUES (N'e37f511e-e679-4cf9-bc00-fffdce9377e1', N'Jacqueline', N'Allen', N'Dev915000', N'scholar@gmail.com', N'cbba', N'cba', N'male', N'76912345')
INSERT [dbo].[Person] ([Id], [FirstName], [LastName], [CI], [PersonalEmail], [Issued], [CurrentCity], [Gender], [PhoneNumber]) VALUES (N'00a11996-0c90-4b4b-b6ae-fffdecee4522', N'Gina', N'Alexander', N'Dev915000', N'scholar@gmail.com', N'cbba', N'cba', N'male', N'76912345')
INSERT [dbo].[Person] ([Id], [FirstName], [LastName], [CI], [PersonalEmail], [Issued], [CurrentCity], [Gender], [PhoneNumber]) VALUES (N'00cb6ba1-2166-48f5-8eed-fffe124d4788', N'Julia', N'Alonso', N'Dev915000', N'scholar@gmail.com', N'cbba', N'cba', N'male', N'76912345')
INSERT [dbo].[Person] ([Id], [FirstName], [LastName], [CI], [PersonalEmail], [Issued], [CurrentCity], [Gender], [PhoneNumber]) VALUES (N'3877af3e-ac22-4524-973b-fffe2dd7bb0c', N'Raquel', N'Adams', N'Dev915000', N'scholar@gmail.com', N'cbba', N'cba', N'male', N'76912345')
INSERT [dbo].[Person] ([Id], [FirstName], [LastName], [CI], [PersonalEmail], [Issued], [CurrentCity], [Gender], [PhoneNumber]) VALUES (N'47bac747-efd6-4782-af68-fffe46c0fdae', N'Anna', N'Alonso', N'Dev915000', N'scholar@gmail.com', N'cbba', N'cba', N'male', N'76912345')
INSERT [dbo].[Person] ([Id], [FirstName], [LastName], [CI], [PersonalEmail], [Issued], [CurrentCity], [Gender], [PhoneNumber]) VALUES (N'512575b2-f18a-4a76-b0fd-fffe89724c76', N'Gary', N'Alexander', N'Dev915000', N'scholar@gmail.com', N'cbba', N'cba', N'male', N'76912345')
INSERT [dbo].[Person] ([Id], [FirstName], [LastName], [CI], [PersonalEmail], [Issued], [CurrentCity], [Gender], [PhoneNumber]) VALUES (N'6e15dddc-0f70-4cee-acc7-fffea3fccb07', N'Ben', N'Allen', N'Dev915000', N'scholar@gmail.com', N'cbba', N'cba', N'male', N'76912345')
INSERT [dbo].[Person] ([Id], [FirstName], [LastName], [CI], [PersonalEmail], [Issued], [CurrentCity], [Gender], [PhoneNumber]) VALUES (N'626ef3b4-f938-4021-b6cb-fffeadf77926', N'Roy', N'Alexander', N'Dev915000', N'scholar@gmail.com', N'cbba', N'cba', N'male', N'76912345')
INSERT [dbo].[Person] ([Id], [FirstName], [LastName], [CI], [PersonalEmail], [Issued], [CurrentCity], [Gender], [PhoneNumber]) VALUES (N'df93ab2e-0489-4a8a-a2a3-ffff1a32e80d', N'Damien', N'Allen', N'Dev915000', N'scholar@gmail.com', N'cbba', N'cba', N'male', N'76912345')
INSERT [dbo].[Person] ([Id], [FirstName], [LastName], [CI], [PersonalEmail], [Issued], [CurrentCity], [Gender], [PhoneNumber]) VALUES (N'0616d7db-604a-4be7-8ba5-ffff8534570b', N'Andrea', N'Adams', N'Dev915000', N'scholar@gmail.com', N'cbba', N'cba', N'male', N'76912345')
INSERT [dbo].[Person] ([Id], [FirstName], [LastName], [CI], [PersonalEmail], [Issued], [CurrentCity], [Gender], [PhoneNumber]) VALUES (N'12ad310f-9ec8-4419-ab96-ffff93928624', N'Abigail', N'Alonso', N'Dev915000', N'scholar@gmail.com', N'cbba', N'cba', N'male', N'76912345')
INSERT [dbo].[Person] ([Id], [FirstName], [LastName], [CI], [PersonalEmail], [Issued], [CurrentCity], [Gender], [PhoneNumber]) VALUES (N'33c308d0-61f9-4017-9896-ffffe8188e8f', N'Maria', N'Allen', N'Dev915000', N'scholar@gmail.com', N'cbba', N'cba', N'male', N'76912345')
GO

INSERT [dbo].[Scholar] ([Id], [PersonId], [University], [InstitutionalEmail], [Career], [AcademicDegree], [StatusTypeId], [SubjectId]) VALUES (N'8b407563-ae95-4baf-9520-03d66482ec6d', N'a0b00ded-223f-4bf5-8b96-ff735a4899af', N'UMSS', N'scholar@fundacion-jala.org', N'Informatica', N'Graduate', 1, N'cbf9b0c1-2291-47ad-9f45-ee668e4bbf6d')
INSERT [dbo].[Scholar] ([Id], [PersonId], [University], [InstitutionalEmail], [Career], [AcademicDegree], [StatusTypeId], [SubjectId]) VALUES (N'3a690b88-9121-4343-a2ad-09f4041ba379', N'1a6615e7-d4ba-46c5-8e07-aa9e3a52fe99', N'UMSS', N'scholar@fundacion-jala.org', N'Informatica', N'Graduate', 1, N'8605dd66-28db-469e-8951-ef0b0052ff3c')
INSERT [dbo].[Scholar] ([Id], [PersonId], [University], [InstitutionalEmail], [Career], [AcademicDegree], [StatusTypeId], [SubjectId]) VALUES (N'0b4c0781-c0a8-4a54-bbef-0c57c416f310', N'b5eff7f7-db07-4c2a-a915-ff728f3a7550', N'UMSS', N'scholar@fundacion-jala.org', N'Informatica', N'Graduate', 1, N'cbf9b0c1-2291-47ad-9f45-ee668e4bbf6d')
INSERT [dbo].[Scholar] ([Id], [PersonId], [University], [InstitutionalEmail], [Career], [AcademicDegree], [StatusTypeId], [SubjectId]) VALUES (N'427abbb2-49cf-426c-b1da-1019a064abe1', N'00cb6ba1-2166-48f5-8eed-fffe124d4788', N'UMSS', N'scholar@fundacion-jala.org', N'Informatica', N'Graduate', 1, N'1eac9f4b-25d3-4312-aaf9-6a34de1230db')
INSERT [dbo].[Scholar] ([Id], [PersonId], [University], [InstitutionalEmail], [Career], [AcademicDegree], [StatusTypeId], [SubjectId]) VALUES (N'3b3f2609-6f3f-4f54-9146-12978cb0bd9a', N'8c7e4904-f5e2-405b-bfa8-aa9e0f9988ed', N'UMSS', N'scholar@fundacion-jala.org', N'Informatica', N'Graduate', 1, N'8605dd66-28db-469e-8951-ef0b0052ff3c')
INSERT [dbo].[Scholar] ([Id], [PersonId], [University], [InstitutionalEmail], [Career], [AcademicDegree], [StatusTypeId], [SubjectId]) VALUES (N'30892508-a09f-49c6-8224-140995e0b90d', N'df93ab2e-0489-4a8a-a2a3-ffff1a32e80d', N'UMSS', N'scholar@fundacion-jala.org', N'Informatica', N'Graduate', 1, N'1eac9f4b-25d3-4312-aaf9-6a34de1230db')
INSERT [dbo].[Scholar] ([Id], [PersonId], [University], [InstitutionalEmail], [Career], [AcademicDegree], [StatusTypeId], [SubjectId]) VALUES (N'6f605311-f4eb-4d04-b831-17f1fa24d4a3', N'66ead34e-43d1-4fe4-b40b-aa9f9da43526', N'UMSS', N'scholar@fundacion-jala.org', N'Informatica', N'Graduate', 1, N'8605dd66-28db-469e-8951-ef0b0052ff3c')
INSERT [dbo].[Scholar] ([Id], [PersonId], [University], [InstitutionalEmail], [Career], [AcademicDegree], [StatusTypeId], [SubjectId]) VALUES (N'64402ec3-87d4-45d4-90d8-195c6b4debc3', N'42b05634-d773-4d88-8a8b-aa9e6aec8aa5', N'UMSS', N'scholar@fundacion-jala.org', N'Informatica', N'Graduate', 1, N'8605dd66-28db-469e-8951-ef0b0052ff3c')
INSERT [dbo].[Scholar] ([Id], [PersonId], [University], [InstitutionalEmail], [Career], [AcademicDegree], [StatusTypeId], [SubjectId]) VALUES (N'4852ee72-b7bb-47a0-8f9d-1ab1ed1a15eb', N'4dda5467-8627-465b-bafc-fec1a2beed3a', N'UMSS', N'scholar@fundacion-jala.org', N'Informatica', N'Graduate', 1, N'60b9b0e3-8387-4f88-b152-22b92eaf478b')
INSERT [dbo].[Scholar] ([Id], [PersonId], [University], [InstitutionalEmail], [Career], [AcademicDegree], [StatusTypeId], [SubjectId]) VALUES (N'6686fbc9-0784-4e89-8e6e-1c96b0f94ce1', N'40616e28-615a-44af-a353-ff72d3c1d61c', N'UMSS', N'scholar@fundacion-jala.org', N'Informatica', N'Graduate', 1, N'cbf9b0c1-2291-47ad-9f45-ee668e4bbf6d')
INSERT [dbo].[Scholar] ([Id], [PersonId], [University], [InstitutionalEmail], [Career], [AcademicDegree], [StatusTypeId], [SubjectId]) VALUES (N'c898e3b8-6f82-467e-846e-1d41c4d43a55', N'33c308d0-61f9-4017-9896-ffffe8188e8f', N'UMSS', N'scholar@fundacion-jala.org', N'Informatica', N'Graduate', 1, N'1eac9f4b-25d3-4312-aaf9-6a34de1230db')
INSERT [dbo].[Scholar] ([Id], [PersonId], [University], [InstitutionalEmail], [Career], [AcademicDegree], [StatusTypeId], [SubjectId]) VALUES (N'eb17e39a-d602-4f77-8b8f-1e093a983448', N'46f8fb98-9f6c-428b-a4c6-ff73d84a32d8', N'UMSS', N'scholar@fundacion-jala.org', N'Informatica', N'Graduate', 1, N'cbf9b0c1-2291-47ad-9f45-ee668e4bbf6d')
INSERT [dbo].[Scholar] ([Id], [PersonId], [University], [InstitutionalEmail], [Career], [AcademicDegree], [StatusTypeId], [SubjectId]) VALUES (N'3e67a49b-0147-46d9-bb34-1f9e2435f361', N'a6895b0b-1610-4ec4-a5f1-fec413c5c1b5', N'UMSS', N'scholar@fundacion-jala.org', N'Informatica', N'Graduate', 1, N'60b9b0e3-8387-4f88-b152-22b92eaf478b')
INSERT [dbo].[Scholar] ([Id], [PersonId], [University], [InstitutionalEmail], [Career], [AcademicDegree], [StatusTypeId], [SubjectId]) VALUES (N'1a1a6431-04e3-4445-8c99-20533cb63d31', N'4832e3a5-538b-4393-a421-ff757de20153', N'UMSS', N'scholar@fundacion-jala.org', N'Informatica', N'Graduate', 1, N'cbf9b0c1-2291-47ad-9f45-ee668e4bbf6d')
INSERT [dbo].[Scholar] ([Id], [PersonId], [University], [InstitutionalEmail], [Career], [AcademicDegree], [StatusTypeId], [SubjectId]) VALUES (N'9e60d2f9-a0d9-49cc-90ff-205c6ea00422', N'e4222113-2f3e-4a20-911a-fec1d63011f1', N'UMSS', N'scholar@fundacion-jala.org', N'Informatica', N'Graduate', 1, N'60b9b0e3-8387-4f88-b152-22b92eaf478b')
INSERT [dbo].[Scholar] ([Id], [PersonId], [University], [InstitutionalEmail], [Career], [AcademicDegree], [StatusTypeId], [SubjectId]) VALUES (N'5ee67aab-389b-40f7-a1ee-2429f3ddd38e', N'07db8d40-2854-455c-b23f-ff749978bea9', N'UMSS', N'scholar@fundacion-jala.org', N'Informatica', N'Graduate', 1, N'cbf9b0c1-2291-47ad-9f45-ee668e4bbf6d')
INSERT [dbo].[Scholar] ([Id], [PersonId], [University], [InstitutionalEmail], [Career], [AcademicDegree], [StatusTypeId], [SubjectId]) VALUES (N'8c7925a4-04d0-48df-b5bb-2bb61d001e3e', N'57a9429c-3519-40e0-b10c-aa9fe2a741b0', N'UMSS', N'scholar@fundacion-jala.org', N'Informatica', N'Graduate', 1, N'8605dd66-28db-469e-8951-ef0b0052ff3c')
INSERT [dbo].[Scholar] ([Id], [PersonId], [University], [InstitutionalEmail], [Career], [AcademicDegree], [StatusTypeId], [SubjectId]) VALUES (N'8d7f80d8-e410-48cf-a2f0-2c186edab069', N'3a2cb2e0-4b89-4094-adb7-fffd401a53b2', N'UMSS', N'scholar@fundacion-jala.org', N'Informatica', N'Graduate', 1, N'1eac9f4b-25d3-4312-aaf9-6a34de1230db')
INSERT [dbo].[Scholar] ([Id], [PersonId], [University], [InstitutionalEmail], [Career], [AcademicDegree], [StatusTypeId], [SubjectId]) VALUES (N'd1678756-3048-4c10-9acb-3481109308b3', N'38c27596-ad24-4f4a-b41a-fec41b3b7aeb', N'UMSS', N'scholar@fundacion-jala.org', N'Informatica', N'Graduate', 1, N'60b9b0e3-8387-4f88-b152-22b92eaf478b')
INSERT [dbo].[Scholar] ([Id], [PersonId], [University], [InstitutionalEmail], [Career], [AcademicDegree], [StatusTypeId], [SubjectId]) VALUES (N'd7264727-db0e-44b3-bdac-34b19e355109', N'f36faf37-036c-46da-8895-ff759049743d', N'UMSS', N'scholar@fundacion-jala.org', N'Informatica', N'Graduate', 1, N'cbf9b0c1-2291-47ad-9f45-ee668e4bbf6d')
INSERT [dbo].[Scholar] ([Id], [PersonId], [University], [InstitutionalEmail], [Career], [AcademicDegree], [StatusTypeId], [SubjectId]) VALUES (N'1815fe59-1491-4182-9936-397b28dbdbfd', N'341f5315-39d5-4734-877a-fffd51ffa31d', N'UMSS', N'scholar@fundacion-jala.org', N'Informatica', N'Graduate', 1, N'1eac9f4b-25d3-4312-aaf9-6a34de1230db')
INSERT [dbo].[Scholar] ([Id], [PersonId], [University], [InstitutionalEmail], [Career], [AcademicDegree], [StatusTypeId], [SubjectId]) VALUES (N'0e82b041-e5a7-42f2-b103-3ea85498cfda', N'47bac747-efd6-4782-af68-fffe46c0fdae', N'UMSS', N'scholar@fundacion-jala.org', N'Informatica', N'Graduate', 1, N'1eac9f4b-25d3-4312-aaf9-6a34de1230db')
INSERT [dbo].[Scholar] ([Id], [PersonId], [University], [InstitutionalEmail], [Career], [AcademicDegree], [StatusTypeId], [SubjectId]) VALUES (N'249ec3a0-2f41-4425-95ae-405da8f3887a', N'4733e3ab-b240-4d4f-b737-aa9be6fb6916', N'UMSS', N'scholar@fundacion-jala.org', N'Informatica', N'Graduate', 1, N'8605dd66-28db-469e-8951-ef0b0052ff3c')
INSERT [dbo].[Scholar] ([Id], [PersonId], [University], [InstitutionalEmail], [Career], [AcademicDegree], [StatusTypeId], [SubjectId]) VALUES (N'd40a2a35-20b1-4324-9f90-43ff82a6be76', N'acc550ad-9826-4d2b-a1e7-fec2d4b655ce', N'UMSS', N'scholar@fundacion-jala.org', N'Informatica', N'Graduate', 1, N'60b9b0e3-8387-4f88-b152-22b92eaf478b')
INSERT [dbo].[Scholar] ([Id], [PersonId], [University], [InstitutionalEmail], [Career], [AcademicDegree], [StatusTypeId], [SubjectId]) VALUES (N'e7dc6052-ccb4-4682-917d-462a57abc79a', N'3877af3e-ac22-4524-973b-fffe2dd7bb0c', N'UMSS', N'scholar@fundacion-jala.org', N'Informatica', N'Graduate', 1, N'1eac9f4b-25d3-4312-aaf9-6a34de1230db')
INSERT [dbo].[Scholar] ([Id], [PersonId], [University], [InstitutionalEmail], [Career], [AcademicDegree], [StatusTypeId], [SubjectId]) VALUES (N'6ebbff7e-0fdb-4c5c-a817-48d9f8b42adb', N'aae89dab-185f-492b-8181-aaa01b58214c', N'UMSS', N'scholar@fundacion-jala.org', N'Informatica', N'Graduate', 1, N'8605dd66-28db-469e-8951-ef0b0052ff3c')
INSERT [dbo].[Scholar] ([Id], [PersonId], [University], [InstitutionalEmail], [Career], [AcademicDegree], [StatusTypeId], [SubjectId]) VALUES (N'8d19091e-2f5f-4f29-bff8-4e4929b59c22', N'89b34777-1f1c-46b1-bafa-fec20fb0d90c', N'UMSS', N'scholar@fundacion-jala.org', N'Informatica', N'Graduate', 1, N'60b9b0e3-8387-4f88-b152-22b92eaf478b')
INSERT [dbo].[Scholar] ([Id], [PersonId], [University], [InstitutionalEmail], [Career], [AcademicDegree], [StatusTypeId], [SubjectId]) VALUES (N'442a2d28-070c-45b0-a522-52b935640352', N'4a49793f-7e34-4dd1-9a1c-aa9e2f23a2e6', N'UMSS', N'scholar@fundacion-jala.org', N'Informatica', N'Graduate', 1, N'8605dd66-28db-469e-8951-ef0b0052ff3c')
INSERT [dbo].[Scholar] ([Id], [PersonId], [University], [InstitutionalEmail], [Career], [AcademicDegree], [StatusTypeId], [SubjectId]) VALUES (N'f5091cfc-12a1-4581-b75c-574f07fd2a41', N'875a2612-4317-4d8d-96df-ff752223fee6', N'UMSS', N'scholar@fundacion-jala.org', N'Informatica', N'Graduate', 1, N'cbf9b0c1-2291-47ad-9f45-ee668e4bbf6d')
INSERT [dbo].[Scholar] ([Id], [PersonId], [University], [InstitutionalEmail], [Career], [AcademicDegree], [StatusTypeId], [SubjectId]) VALUES (N'ef18b440-747a-4b09-baa4-59cb0fd1f8f7', N'626ef3b4-f938-4021-b6cb-fffeadf77926', N'UMSS', N'scholar@fundacion-jala.org', N'Informatica', N'Graduate', 1, N'1eac9f4b-25d3-4312-aaf9-6a34de1230db')
INSERT [dbo].[Scholar] ([Id], [PersonId], [University], [InstitutionalEmail], [Career], [AcademicDegree], [StatusTypeId], [SubjectId]) VALUES (N'0c6b4ef1-dc14-4d1b-ae83-5a4fdbf0c393', N'b70cdb69-b3c3-48f8-9cd7-fec1f9879eb0', N'UMSS', N'scholar@fundacion-jala.org', N'Informatica', N'Graduate', 1, N'60b9b0e3-8387-4f88-b152-22b92eaf478b')
INSERT [dbo].[Scholar] ([Id], [PersonId], [University], [InstitutionalEmail], [Career], [AcademicDegree], [StatusTypeId], [SubjectId]) VALUES (N'2e370af1-6526-4355-9a22-626e9a8976bf', N'0616d7db-604a-4be7-8ba5-ffff8534570b', N'UMSS', N'scholar@fundacion-jala.org', N'Informatica', N'Graduate', 1, N'1eac9f4b-25d3-4312-aaf9-6a34de1230db')
INSERT [dbo].[Scholar] ([Id], [PersonId], [University], [InstitutionalEmail], [Career], [AcademicDegree], [StatusTypeId], [SubjectId]) VALUES (N'edda5760-76b6-4b96-8a2e-62e819cce613', N'cbde0e73-f4f5-437c-8399-aa9f4f97a7d5', N'UMSS', N'scholar@fundacion-jala.org', N'Informatica', N'Graduate', 1, N'8605dd66-28db-469e-8951-ef0b0052ff3c')
INSERT [dbo].[Scholar] ([Id], [PersonId], [University], [InstitutionalEmail], [Career], [AcademicDegree], [StatusTypeId], [SubjectId]) VALUES (N'ac493903-2105-4f0c-8f5b-6772f46e4005', N'd8509047-3728-430a-9686-fec33523aa09', N'UMSS', N'scholar@fundacion-jala.org', N'Informatica', N'Graduate', 1, N'60b9b0e3-8387-4f88-b152-22b92eaf478b')
INSERT [dbo].[Scholar] ([Id], [PersonId], [University], [InstitutionalEmail], [Career], [AcademicDegree], [StatusTypeId], [SubjectId]) VALUES (N'525c094f-2c71-4e98-8236-6921fde56615', N'c0833e98-a46b-49ad-bba0-aa9dee39ea5f', N'UMSS', N'scholar@fundacion-jala.org', N'Informatica', N'Graduate', 1, N'8605dd66-28db-469e-8951-ef0b0052ff3c')
INSERT [dbo].[Scholar] ([Id], [PersonId], [University], [InstitutionalEmail], [Career], [AcademicDegree], [StatusTypeId], [SubjectId]) VALUES (N'61814d6e-c3e7-4ff8-adae-69b7ac654ee4', N'33db7697-fb42-411e-b0a3-fec2370846b0', N'UMSS', N'scholar@fundacion-jala.org', N'Informatica', N'Graduate', 1, N'60b9b0e3-8387-4f88-b152-22b92eaf478b')
INSERT [dbo].[Scholar] ([Id], [PersonId], [University], [InstitutionalEmail], [Career], [AcademicDegree], [StatusTypeId], [SubjectId]) VALUES (N'8d470406-a5b3-4d4d-9fd8-6ad82c3a1838', N'107dfc1b-7854-4003-a499-fec16033ffc0', N'UMSS', N'scholar@fundacion-jala.org', N'Informatica', N'Graduate', 1, N'60b9b0e3-8387-4f88-b152-22b92eaf478b')
INSERT [dbo].[Scholar] ([Id], [PersonId], [University], [InstitutionalEmail], [Career], [AcademicDegree], [StatusTypeId], [SubjectId]) VALUES (N'11b66e47-fd85-4348-8828-6b64237aa873', N'c728a0f3-9009-45ae-b7dd-fffc7a79b9df', N'UMSS', N'scholar@fundacion-jala.org', N'Informatica', N'Graduate', 1, N'1eac9f4b-25d3-4312-aaf9-6a34de1230db')
INSERT [dbo].[Scholar] ([Id], [PersonId], [University], [InstitutionalEmail], [Career], [AcademicDegree], [StatusTypeId], [SubjectId]) VALUES (N'a54051d2-efa7-4a43-b476-6cc9a4e8a198', N'd5cd9831-c49a-4b94-834b-fec45ec759b6', N'UMSS', N'scholar@fundacion-jala.org', N'Informatica', N'Graduate', 1, N'60b9b0e3-8387-4f88-b152-22b92eaf478b')
INSERT [dbo].[Scholar] ([Id], [PersonId], [University], [InstitutionalEmail], [Career], [AcademicDegree], [StatusTypeId], [SubjectId]) VALUES (N'e00cf704-bc05-4ffd-a2a0-71cc0f42bc99', N'ef6887f4-9a2e-48d7-aee3-fec287136426', N'UMSS', N'scholar@fundacion-jala.org', N'Informatica', N'Graduate', 1, N'60b9b0e3-8387-4f88-b152-22b92eaf478b')
INSERT [dbo].[Scholar] ([Id], [PersonId], [University], [InstitutionalEmail], [Career], [AcademicDegree], [StatusTypeId], [SubjectId]) VALUES (N'e7a3fe54-5193-464f-ac11-72547fa74128', N'5098a98c-1701-477c-9c4b-aa9caf716172', N'UMSS', N'scholar@fundacion-jala.org', N'Informatica', N'Graduate', 1, N'8605dd66-28db-469e-8951-ef0b0052ff3c')
INSERT [dbo].[Scholar] ([Id], [PersonId], [University], [InstitutionalEmail], [Career], [AcademicDegree], [StatusTypeId], [SubjectId]) VALUES (N'661a3fce-5322-4b66-b9fc-731cc89be30c', N'c1218133-85fd-4758-b163-fec3e2d6e530', N'UMSS', N'scholar@fundacion-jala.org', N'Informatica', N'Graduate', 1, N'60b9b0e3-8387-4f88-b152-22b92eaf478b')
INSERT [dbo].[Scholar] ([Id], [PersonId], [University], [InstitutionalEmail], [Career], [AcademicDegree], [StatusTypeId], [SubjectId]) VALUES (N'7cfe4733-578f-4cf7-b8c9-74e04feb039f', N'e37f511e-e679-4cf9-bc00-fffdce9377e1', N'UMSS', N'scholar@fundacion-jala.org', N'Informatica', N'Graduate', 1, N'1eac9f4b-25d3-4312-aaf9-6a34de1230db')
INSERT [dbo].[Scholar] ([Id], [PersonId], [University], [InstitutionalEmail], [Career], [AcademicDegree], [StatusTypeId], [SubjectId]) VALUES (N'925da199-4883-42f1-b58f-7f24082a2750', N'12ad310f-9ec8-4419-ab96-ffff93928624', N'UMSS', N'scholar@fundacion-jala.org', N'Informatica', N'Graduate', 1, N'1eac9f4b-25d3-4312-aaf9-6a34de1230db')
INSERT [dbo].[Scholar] ([Id], [PersonId], [University], [InstitutionalEmail], [Career], [AcademicDegree], [StatusTypeId], [SubjectId]) VALUES (N'12ecd5c6-d178-4e03-b89b-7f89651b4d10', N'10e75283-3aff-4d19-a7c8-ff726220942b', N'UMSS', N'scholar@fundacion-jala.org', N'Informatica', N'Graduate', 1, N'cbf9b0c1-2291-47ad-9f45-ee668e4bbf6d')
INSERT [dbo].[Scholar] ([Id], [PersonId], [University], [InstitutionalEmail], [Career], [AcademicDegree], [StatusTypeId], [SubjectId]) VALUES (N'd2c14153-4913-474a-8990-8dcb503ec66a', N'512575b2-f18a-4a76-b0fd-fffe89724c76', N'UMSS', N'scholar@fundacion-jala.org', N'Informatica', N'Graduate', 1, N'1eac9f4b-25d3-4312-aaf9-6a34de1230db')
INSERT [dbo].[Scholar] ([Id], [PersonId], [University], [InstitutionalEmail], [Career], [AcademicDegree], [StatusTypeId], [SubjectId]) VALUES (N'2bacff11-1eef-48f7-b1a6-915f5c3d7c7b', N'7a79bbae-15b9-4067-8c2d-ff75abd3ed88', N'UMSS', N'scholar@fundacion-jala.org', N'Informatica', N'Graduate', 1, N'cbf9b0c1-2291-47ad-9f45-ee668e4bbf6d')
INSERT [dbo].[Scholar] ([Id], [PersonId], [University], [InstitutionalEmail], [Career], [AcademicDegree], [StatusTypeId], [SubjectId]) VALUES (N'60d3c3bd-14a6-407d-a862-92195aedf03a', N'1107dfb9-242e-42d3-83dd-fec43fbd83ec', N'UMSS', N'scholar@fundacion-jala.org', N'Informatica', N'Graduate', 1, N'60b9b0e3-8387-4f88-b152-22b92eaf478b')
INSERT [dbo].[Scholar] ([Id], [PersonId], [University], [InstitutionalEmail], [Career], [AcademicDegree], [StatusTypeId], [SubjectId]) VALUES (N'901caf8e-95af-4cb0-a5e9-931165b4db8e', N'de1b3cb5-e1ff-4ef5-b4c4-aa9cbd1d2434', N'UMSS', N'scholar@fundacion-jala.org', N'Informatica', N'Graduate', 1, N'8605dd66-28db-469e-8951-ef0b0052ff3c')
INSERT [dbo].[Scholar] ([Id], [PersonId], [University], [InstitutionalEmail], [Career], [AcademicDegree], [StatusTypeId], [SubjectId]) VALUES (N'71b5ae1f-b502-49ef-8be1-9395a6ec16a4', N'd1c97141-aee4-4695-87c6-fec17dd7113d', N'UMSS', N'scholar@fundacion-jala.org', N'Informatica', N'Graduate', 1, N'60b9b0e3-8387-4f88-b152-22b92eaf478b')
INSERT [dbo].[Scholar] ([Id], [PersonId], [University], [InstitutionalEmail], [Career], [AcademicDegree], [StatusTypeId], [SubjectId]) VALUES (N'e89d0878-302d-4f5c-a766-95af32e3726a', N'b59eb972-827c-42b9-a878-aa9ec5f599a7', N'UMSS', N'scholar@fundacion-jala.org', N'Informatica', N'Graduate', 1, N'8605dd66-28db-469e-8951-ef0b0052ff3c')
INSERT [dbo].[Scholar] ([Id], [PersonId], [University], [InstitutionalEmail], [Career], [AcademicDegree], [StatusTypeId], [SubjectId]) VALUES (N'815e05ec-6f95-434e-a46e-976f5ff16b7c', N'39196c84-dbb7-4bae-b8f6-aa9dabae1905', N'UMSS', N'scholar@fundacion-jala.org', N'Informatica', N'Graduate', 1, N'8605dd66-28db-469e-8951-ef0b0052ff3c')
INSERT [dbo].[Scholar] ([Id], [PersonId], [University], [InstitutionalEmail], [Career], [AcademicDegree], [StatusTypeId], [SubjectId]) VALUES (N'255aa288-cbb3-4989-95df-9922085f9f1f', N'ebd34420-912c-46d0-9cd0-ff728dd3b91c', N'UMSS', N'scholar@fundacion-jala.org', N'Informatica', N'Graduate', 1, N'cbf9b0c1-2291-47ad-9f45-ee668e4bbf6d')
INSERT [dbo].[Scholar] ([Id], [PersonId], [University], [InstitutionalEmail], [Career], [AcademicDegree], [StatusTypeId], [SubjectId]) VALUES (N'2aaf7f3a-919b-4358-b4ed-9e9811e74d86', N'cf7d5090-4551-4f56-b8ac-ff75382a45fa', N'UMSS', N'scholar@fundacion-jala.org', N'Informatica', N'Graduate', 1, N'cbf9b0c1-2291-47ad-9f45-ee668e4bbf6d')
INSERT [dbo].[Scholar] ([Id], [PersonId], [University], [InstitutionalEmail], [Career], [AcademicDegree], [StatusTypeId], [SubjectId]) VALUES (N'941ff597-d42d-4936-9b82-a17b40e461ab', N'fceafc7c-7991-4440-950e-ff74a49e3e1a', N'UMSS', N'scholar@fundacion-jala.org', N'Informatica', N'Graduate', 1, N'cbf9b0c1-2291-47ad-9f45-ee668e4bbf6d')
INSERT [dbo].[Scholar] ([Id], [PersonId], [University], [InstitutionalEmail], [Career], [AcademicDegree], [StatusTypeId], [SubjectId]) VALUES (N'd1da7bf0-dead-4ad8-bde6-a19feabda556', N'34ced625-263e-4801-b299-aa9b79d9ba79', N'UMSS', N'scholar@fundacion-jala.org', N'Informatica', N'Graduate', 1, N'8605dd66-28db-469e-8951-ef0b0052ff3c')
INSERT [dbo].[Scholar] ([Id], [PersonId], [University], [InstitutionalEmail], [Career], [AcademicDegree], [StatusTypeId], [SubjectId]) VALUES (N'dd125910-9a0b-4a65-b0ee-a55652a97611', N'6e15dddc-0f70-4cee-acc7-fffea3fccb07', N'UMSS', N'scholar@fundacion-jala.org', N'Informatica', N'Graduate', 1, N'1eac9f4b-25d3-4312-aaf9-6a34de1230db')
INSERT [dbo].[Scholar] ([Id], [PersonId], [University], [InstitutionalEmail], [Career], [AcademicDegree], [StatusTypeId], [SubjectId]) VALUES (N'b3142ef7-f2ec-4569-b189-a592a12429bc', N'20f6bc24-69a0-4111-8d85-ff7618355488', N'UMSS', N'scholar@fundacion-jala.org', N'Informatica', N'Graduate', 1, N'cbf9b0c1-2291-47ad-9f45-ee668e4bbf6d')
INSERT [dbo].[Scholar] ([Id], [PersonId], [University], [InstitutionalEmail], [Career], [AcademicDegree], [StatusTypeId], [SubjectId]) VALUES (N'12d227e5-fda1-4515-a4d5-a5f4b2976096', N'b70281c5-18e9-49ee-8745-aa9cfb76fc57', N'UMSS', N'scholar@fundacion-jala.org', N'Informatica', N'Graduate', 1, N'8605dd66-28db-469e-8951-ef0b0052ff3c')
INSERT [dbo].[Scholar] ([Id], [PersonId], [University], [InstitutionalEmail], [Career], [AcademicDegree], [StatusTypeId], [SubjectId]) VALUES (N'd01b3773-bf7d-487f-abf2-aa8bbbf01817', N'435060ca-f88d-4a27-93d1-aa9f5d2b4739', N'UMSS', N'scholar@fundacion-jala.org', N'Informatica', N'Graduate', 1, N'8605dd66-28db-469e-8951-ef0b0052ff3c')
INSERT [dbo].[Scholar] ([Id], [PersonId], [University], [InstitutionalEmail], [Career], [AcademicDegree], [StatusTypeId], [SubjectId]) VALUES (N'7fffae21-d54f-4b78-8afb-ac461b66c7eb', N'e4b66c55-9fe4-46af-b377-ff74d5d25081', N'UMSS', N'scholar@fundacion-jala.org', N'Informatica', N'Graduate', 1, N'cbf9b0c1-2291-47ad-9f45-ee668e4bbf6d')
INSERT [dbo].[Scholar] ([Id], [PersonId], [University], [InstitutionalEmail], [Career], [AcademicDegree], [StatusTypeId], [SubjectId]) VALUES (N'fff5402c-ce46-4d31-a50c-afdb474ce3f4', N'c7725d18-e6fa-429b-aec1-fffd104bb407', N'UMSS', N'scholar@fundacion-jala.org', N'Informatica', N'Graduate', 1, N'1eac9f4b-25d3-4312-aaf9-6a34de1230db')
INSERT [dbo].[Scholar] ([Id], [PersonId], [University], [InstitutionalEmail], [Career], [AcademicDegree], [StatusTypeId], [SubjectId]) VALUES (N'da9d62ba-92ed-4f4d-a031-b2779922a93c', N'2a929f95-b91e-4824-b610-fffd2068b8ba', N'UMSS', N'scholar@fundacion-jala.org', N'Informatica', N'Graduate', 1, N'1eac9f4b-25d3-4312-aaf9-6a34de1230db')
INSERT [dbo].[Scholar] ([Id], [PersonId], [University], [InstitutionalEmail], [Career], [AcademicDegree], [StatusTypeId], [SubjectId]) VALUES (N'cd4f8105-20af-48ca-bba6-b47be6369029', N'7bf65ca9-5aa0-4f1f-95a3-aa9b8eebdaec', N'UMSS', N'scholar@fundacion-jala.org', N'Informatica', N'Graduate', 1, N'8605dd66-28db-469e-8951-ef0b0052ff3c')
INSERT [dbo].[Scholar] ([Id], [PersonId], [University], [InstitutionalEmail], [Career], [AcademicDegree], [StatusTypeId], [SubjectId]) VALUES (N'7653208b-1c4f-4586-a821-b65bf2ac2dc2', N'ab1444ce-1f71-433f-a722-fec332e13e3f', N'UMSS', N'scholar@fundacion-jala.org', N'Informatica', N'Graduate', 1, N'60b9b0e3-8387-4f88-b152-22b92eaf478b')
INSERT [dbo].[Scholar] ([Id], [PersonId], [University], [InstitutionalEmail], [Career], [AcademicDegree], [StatusTypeId], [SubjectId]) VALUES (N'45cd26ef-85a0-4187-8900-b9b08b670003', N'ce241b5d-e2c9-4de9-b09e-ff745214c385', N'UMSS', N'scholar@fundacion-jala.org', N'Informatica', N'Graduate', 1, N'cbf9b0c1-2291-47ad-9f45-ee668e4bbf6d')
INSERT [dbo].[Scholar] ([Id], [PersonId], [University], [InstitutionalEmail], [Career], [AcademicDegree], [StatusTypeId], [SubjectId]) VALUES (N'ff73aec6-d856-48b4-a52b-bec115926931', N'ca7871c3-65bb-431a-8af7-ff75a14b58b3', N'UMSS', N'scholar@fundacion-jala.org', N'Informatica', N'Graduate', 1, N'cbf9b0c1-2291-47ad-9f45-ee668e4bbf6d')
INSERT [dbo].[Scholar] ([Id], [PersonId], [University], [InstitutionalEmail], [Career], [AcademicDegree], [StatusTypeId], [SubjectId]) VALUES (N'e9c2f222-8489-4cd4-8d81-c694b19135b8', N'00a11996-0c90-4b4b-b6ae-fffdecee4522', N'UMSS', N'scholar@fundacion-jala.org', N'Informatica', N'Graduate', 1, N'1eac9f4b-25d3-4312-aaf9-6a34de1230db')
INSERT [dbo].[Scholar] ([Id], [PersonId], [University], [InstitutionalEmail], [Career], [AcademicDegree], [StatusTypeId], [SubjectId]) VALUES (N'a9e956b0-7405-41bd-8691-cb9f3db7901e', N'891d7e57-bad7-4b2f-a5a2-fffcb155d5fa', N'UMSS', N'scholar@fundacion-jala.org', N'Informatica', N'Graduate', 1, N'1eac9f4b-25d3-4312-aaf9-6a34de1230db')
INSERT [dbo].[Scholar] ([Id], [PersonId], [University], [InstitutionalEmail], [Career], [AcademicDegree], [StatusTypeId], [SubjectId]) VALUES (N'af78ecdf-f1a5-48ef-bba3-d0246260eeb2', N'90f72ad4-990f-4657-9e66-ff758735e4ff', N'UMSS', N'scholar@fundacion-jala.org', N'Informatica', N'Graduate', 1, N'cbf9b0c1-2291-47ad-9f45-ee668e4bbf6d')
INSERT [dbo].[Scholar] ([Id], [PersonId], [University], [InstitutionalEmail], [Career], [AcademicDegree], [StatusTypeId], [SubjectId]) VALUES (N'd08db613-2864-459e-9b89-d3bdc34c1c02', N'1fb4fe1f-c5d1-4b71-97b6-ff76155bf335', N'UMSS', N'scholar@fundacion-jala.org', N'Informatica', N'Graduate', 1, N'cbf9b0c1-2291-47ad-9f45-ee668e4bbf6d')
INSERT [dbo].[Scholar] ([Id], [PersonId], [University], [InstitutionalEmail], [Career], [AcademicDegree], [StatusTypeId], [SubjectId]) VALUES (N'150f5f78-079b-40b6-9eda-dc8d1b8beaf3', N'33f546a5-d09f-41c5-8d7c-fffcf82733fe', N'UMSS', N'scholar@fundacion-jala.org', N'Informatica', N'Graduate', 1, N'1eac9f4b-25d3-4312-aaf9-6a34de1230db')
INSERT [dbo].[Scholar] ([Id], [PersonId], [University], [InstitutionalEmail], [Career], [AcademicDegree], [StatusTypeId], [SubjectId]) VALUES (N'795c34a2-ed71-402e-a2e7-e0537de3add2', N'88e74231-c73a-4e3c-b2b7-fffd664832f0', N'UMSS', N'scholar@fundacion-jala.org', N'Informatica', N'Graduate', 1, N'1eac9f4b-25d3-4312-aaf9-6a34de1230db')
INSERT [dbo].[Scholar] ([Id], [PersonId], [University], [InstitutionalEmail], [Career], [AcademicDegree], [StatusTypeId], [SubjectId]) VALUES (N'1950f982-672a-4fd7-88b7-e0a3a2716dc9', N'1b92138e-15e2-4c29-83d5-aa9ced72fc2a', N'UMSS', N'scholar@fundacion-jala.org', N'Informatica', N'Graduate', 1, N'8605dd66-28db-469e-8951-ef0b0052ff3c')
INSERT [dbo].[Scholar] ([Id], [PersonId], [University], [InstitutionalEmail], [Career], [AcademicDegree], [StatusTypeId], [SubjectId]) VALUES (N'fa71a155-ac5c-44fc-99e8-eb5eac7a198c', N'fc4bee4f-de40-486a-a763-aa9d88df2ecf', N'UMSS', N'scholar@fundacion-jala.org', N'Informatica', N'Graduate', 1, N'8605dd66-28db-469e-8951-ef0b0052ff3c')
INSERT [dbo].[Scholar] ([Id], [PersonId], [University], [InstitutionalEmail], [Career], [AcademicDegree], [StatusTypeId], [SubjectId]) VALUES (N'39f9b4ba-59d4-4d11-b02f-f20595e3fcde', N'43afda20-71c8-4cf6-a7f1-fec41dd5b069', N'UMSS', N'scholar@fundacion-jala.org', N'Informatica', N'Graduate', 1, N'60b9b0e3-8387-4f88-b152-22b92eaf478b')
INSERT [dbo].[Scholar] ([Id], [PersonId], [University], [InstitutionalEmail], [Career], [AcademicDegree], [StatusTypeId], [SubjectId]) VALUES (N'a4eb47e1-1f46-46ea-be49-f2dab337811b', N'd6947fdf-b4a6-42eb-a767-fec1e02c7bcb', N'UMSS', N'scholar@fundacion-jala.org', N'Informatica', N'Graduate', 1, N'60b9b0e3-8387-4f88-b152-22b92eaf478b')
INSERT [dbo].[Scholar] ([Id], [PersonId], [University], [InstitutionalEmail], [Career], [AcademicDegree], [StatusTypeId], [SubjectId]) VALUES (N'23c8e3f7-55f5-4567-9090-f91c3f2e4d26', N'fe7f8761-8ae2-47ca-9baf-fec1afb8356e', N'UMSS', N'scholar@fundacion-jala.org', N'Informatica', N'Graduate', 1, N'60b9b0e3-8387-4f88-b152-22b92eaf478b')
INSERT [dbo].[Scholar] ([Id], [PersonId], [University], [InstitutionalEmail], [Career], [AcademicDegree], [StatusTypeId], [SubjectId]) VALUES (N'20756f08-4db6-40aa-ab98-fb4fdb907bbc', N'2ff7d29c-5c56-4d80-983c-fec42a420109', N'UMSS', N'scholar@fundacion-jala.org', N'Informatica', N'Graduate', 1, N'60b9b0e3-8387-4f88-b152-22b92eaf478b')
INSERT [dbo].[Scholar] ([Id], [PersonId], [University], [InstitutionalEmail], [Career], [AcademicDegree], [StatusTypeId], [SubjectId]) VALUES (N'f2a74718-68bd-4387-bb23-fdc1738985ca', N'd5bfa3fd-0fe9-46b4-b5c4-ff755fd03050', N'UMSS', N'scholar@fundacion-jala.org', N'Informatica', N'Graduate', 1, N'cbf9b0c1-2291-47ad-9f45-ee668e4bbf6d')
GO

INSERT [dbo].[SubjectEvaluation] ([Id], [ScholarId], [SubjectId], [GradeId], [IsPublished], [Comment], [EvaluationDate]) VALUES (N'2a4cded5-557c-4edf-962f-55c74ecf5c54', N'8b407563-ae95-4baf-9520-03d66482ec6d', N'cbf9b0c1-2291-47ad-9f45-ee668e4bbf6d', N'a7ffd924-aff6-410a-98a1-133bc399126d', 1, N'New comment', CAST(N'2022-05-01T23:06:12.823' AS DateTime))
INSERT [dbo].[SubjectEvaluation] ([Id], [ScholarId], [SubjectId], [GradeId], [IsPublished], [Comment], [EvaluationDate]) VALUES (N'9e9f558c-e67d-43fa-89df-6e3ec4971ee1', N'0b4c0781-c0a8-4a54-bbef-0c57c416f310', N'cbf9b0c1-2291-47ad-9f45-ee668e4bbf6d', N'9b8f1174-4044-4458-b86a-6599eb290aa6', 1, N'another commentary again againX3', CAST(N'2022-05-02T01:51:17.903' AS DateTime))
INSERT [dbo].[SubjectEvaluation] ([Id], [ScholarId], [SubjectId], [GradeId], [IsPublished], [Comment], [EvaluationDate]) VALUES (N'59d3fafd-8253-44da-9506-7053e0d84dcf', N'0b4c0781-c0a8-4a54-bbef-0c57c416f310', N'cbf9b0c1-2291-47ad-9f45-ee668e4bbf6d', N'9b8f1174-4044-4458-b86a-6599eb290aa6', 1, N'Some commentary', CAST(N'2022-05-02T00:57:36.020' AS DateTime))
INSERT [dbo].[SubjectEvaluation] ([Id], [ScholarId], [SubjectId], [GradeId], [IsPublished], [Comment], [EvaluationDate]) VALUES (N'1b44b6aa-de7a-40b9-af1e-717cc429e080', N'0b4c0781-c0a8-4a54-bbef-0c57c416f310', N'cbf9b0c1-2291-47ad-9f45-ee668e4bbf6d', N'a7ffd924-aff6-410a-98a1-133bc399126d', 1, N'New comment', CAST(N'2022-05-01T23:06:12.823' AS DateTime))
INSERT [dbo].[SubjectEvaluation] ([Id], [ScholarId], [SubjectId], [GradeId], [IsPublished], [Comment], [EvaluationDate]) VALUES (N'6e97557a-c653-4c81-b75a-9a2ad4d5922f', N'0b4c0781-c0a8-4a54-bbef-0c57c416f310', N'cbf9b0c1-2291-47ad-9f45-ee668e4bbf6d', N'9b8f1174-4044-4458-b86a-6599eb290aa6', 1, N'other commentary', CAST(N'2022-05-02T01:20:13.100' AS DateTime))
INSERT [dbo].[SubjectEvaluation] ([Id], [ScholarId], [SubjectId], [GradeId], [IsPublished], [Comment], [EvaluationDate]) VALUES (N'04b8082f-cc80-4041-998e-a9d7e70a7aac', N'6686fbc9-0784-4e89-8e6e-1c96b0f94ce1', N'cbf9b0c1-2291-47ad-9f45-ee668e4bbf6d', N'9b8f1174-4044-4458-b86a-6599eb290aa6', 1, N'other commentary', CAST(N'2022-05-02T01:20:13.100' AS DateTime))
INSERT [dbo].[SubjectEvaluation] ([Id], [ScholarId], [SubjectId], [GradeId], [IsPublished], [Comment], [EvaluationDate]) VALUES (N'906bbdc3-68d2-457e-84d1-c2870aa7caf3', N'6686fbc9-0784-4e89-8e6e-1c96b0f94ce1', N'cbf9b0c1-2291-47ad-9f45-ee668e4bbf6d', N'9b8f1174-4044-4458-b86a-6599eb290aa6', 1, N'another commentary again againX3', CAST(N'2022-05-02T01:51:17.903' AS DateTime))
INSERT [dbo].[SubjectEvaluation] ([Id], [ScholarId], [SubjectId], [GradeId], [IsPublished], [Comment], [EvaluationDate]) VALUES (N'89a860fe-38ce-4da5-8d7a-fd4ae69b0bcc', N'6686fbc9-0784-4e89-8e6e-1c96b0f94ce1', N'cbf9b0c1-2291-47ad-9f45-ee668e4bbf6d', N'43ce3d47-e5c7-4f6b-bc39-dd5ed408d653', 1, N'another commentary again againX6', CAST(N'2022-05-02T01:53:32.583' AS DateTime))
INSERT [dbo].[SubjectEvaluation] ([Id], [ScholarId], [SubjectId], [GradeId], [IsPublished], [Comment], [EvaluationDate]) VALUES (N'eaa55118-3666-47ed-922b-7f881418ebf9', N'6686fbc9-0784-4e89-8e6e-1c96b0f94ce1', N'cbf9b0c1-2291-47ad-9f45-ee668e4bbf6d', N'a7ffd924-aff6-410a-98a1-133bc399126d', 1, N'New comment', CAST(N'2022-05-01T23:06:12.823' AS DateTime))
INSERT [dbo].[SubjectEvaluation] ([Id], [ScholarId], [SubjectId], [GradeId], [IsPublished], [Comment], [EvaluationDate]) VALUES (N'e3b1e566-5701-4fc4-bd24-4a2052eb4565', N'6686fbc9-0784-4e89-8e6e-1c96b0f94ce1', N'cbf9b0c1-2291-47ad-9f45-ee668e4bbf6d', N'9b8f1174-4044-4458-b86a-6599eb290aa6', 1, N'Some commentary', CAST(N'2022-05-02T00:57:36.020' AS DateTime))
INSERT [dbo].[SubjectEvaluation] ([Id], [ScholarId], [SubjectId], [GradeId], [IsPublished], [Comment], [EvaluationDate]) VALUES (N'5e9ddc6d-e76b-4284-a9f1-49c62304d542', N'eb17e39a-d602-4f77-8b8f-1e093a983448', N'cbf9b0c1-2291-47ad-9f45-ee668e4bbf6d', N'a7ffd924-aff6-410a-98a1-133bc399126d', 1, N'New comment', CAST(N'2022-05-01T23:06:12.823' AS DateTime))
INSERT [dbo].[SubjectEvaluation] ([Id], [ScholarId], [SubjectId], [GradeId], [IsPublished], [Comment], [EvaluationDate]) VALUES (N'eee35f1c-1a0a-4c49-b1bc-6cf2fd04339c', N'eb17e39a-d602-4f77-8b8f-1e093a983448', N'cbf9b0c1-2291-47ad-9f45-ee668e4bbf6d', N'9b8f1174-4044-4458-b86a-6599eb290aa6', 1, N'Some commentary', CAST(N'2022-05-02T00:57:36.020' AS DateTime))
INSERT [dbo].[SubjectEvaluation] ([Id], [ScholarId], [SubjectId], [GradeId], [IsPublished], [Comment], [EvaluationDate]) VALUES (N'ad6ba9e8-5d2d-4876-99bc-cf64d2641e5a', N'eb17e39a-d602-4f77-8b8f-1e093a983448', N'cbf9b0c1-2291-47ad-9f45-ee668e4bbf6d', N'9b8f1174-4044-4458-b86a-6599eb290aa6', 1, N'another commentary again againX3', CAST(N'2022-05-02T01:51:17.903' AS DateTime))
INSERT [dbo].[SubjectEvaluation] ([Id], [ScholarId], [SubjectId], [GradeId], [IsPublished], [Comment], [EvaluationDate]) VALUES (N'ea5bbcb6-6b51-4316-9e95-ddb993277403', N'eb17e39a-d602-4f77-8b8f-1e093a983448', N'cbf9b0c1-2291-47ad-9f45-ee668e4bbf6d', N'9b8f1174-4044-4458-b86a-6599eb290aa6', 1, N'other commentary', CAST(N'2022-05-02T01:20:13.100' AS DateTime))
INSERT [dbo].[SubjectEvaluation] ([Id], [ScholarId], [SubjectId], [GradeId], [IsPublished], [Comment], [EvaluationDate]) VALUES (N'cda36b67-1aa2-4fe8-8db3-317c6b322bd8', N'1a1a6431-04e3-4445-8c99-20533cb63d31', N'cbf9b0c1-2291-47ad-9f45-ee668e4bbf6d', N'9b8f1174-4044-4458-b86a-6599eb290aa6', 1, N'another commentary again againX3', CAST(N'2022-05-02T01:51:17.903' AS DateTime))
INSERT [dbo].[SubjectEvaluation] ([Id], [ScholarId], [SubjectId], [GradeId], [IsPublished], [Comment], [EvaluationDate]) VALUES (N'd681e04f-004a-4eca-8fb8-1193ee132c3c', N'1a1a6431-04e3-4445-8c99-20533cb63d31', N'cbf9b0c1-2291-47ad-9f45-ee668e4bbf6d', N'a7ffd924-aff6-410a-98a1-133bc399126d', 1, N'New comment', CAST(N'2022-05-01T23:06:12.823' AS DateTime))
INSERT [dbo].[SubjectEvaluation] ([Id], [ScholarId], [SubjectId], [GradeId], [IsPublished], [Comment], [EvaluationDate]) VALUES (N'93312c8b-1aca-4d91-a98a-ed5b11bce9be', N'1a1a6431-04e3-4445-8c99-20533cb63d31', N'cbf9b0c1-2291-47ad-9f45-ee668e4bbf6d', N'9b8f1174-4044-4458-b86a-6599eb290aa6', 1, N'other commentary', CAST(N'2022-05-02T01:20:13.100' AS DateTime))
INSERT [dbo].[SubjectEvaluation] ([Id], [ScholarId], [SubjectId], [GradeId], [IsPublished], [Comment], [EvaluationDate]) VALUES (N'f9f2ce10-f755-47f4-9419-c9ab9338265e', N'1a1a6431-04e3-4445-8c99-20533cb63d31', N'cbf9b0c1-2291-47ad-9f45-ee668e4bbf6d', N'43ce3d47-e5c7-4f6b-bc39-dd5ed408d653', 1, N'another commentary again againX6', CAST(N'2022-05-02T01:53:32.583' AS DateTime))
INSERT [dbo].[SubjectEvaluation] ([Id], [ScholarId], [SubjectId], [GradeId], [IsPublished], [Comment], [EvaluationDate]) VALUES (N'2456cd94-7a92-4efc-943c-bffdef5115fd', N'1a1a6431-04e3-4445-8c99-20533cb63d31', N'cbf9b0c1-2291-47ad-9f45-ee668e4bbf6d', N'58a8b2a5-ba06-4314-a705-b88232f4a491', 1, N'Last commentary again againX7', CAST(N'2022-05-02T02:20:32.267' AS DateTime))
INSERT [dbo].[SubjectEvaluation] ([Id], [ScholarId], [SubjectId], [GradeId], [IsPublished], [Comment], [EvaluationDate]) VALUES (N'bf9411e9-3a72-4262-a141-cef8ec345441', N'1a1a6431-04e3-4445-8c99-20533cb63d31', N'cbf9b0c1-2291-47ad-9f45-ee668e4bbf6d', N'9b8f1174-4044-4458-b86a-6599eb290aa6', 1, N'Some commentary', CAST(N'2022-05-02T00:57:36.020' AS DateTime))
INSERT [dbo].[SubjectEvaluation] ([Id], [ScholarId], [SubjectId], [GradeId], [IsPublished], [Comment], [EvaluationDate]) VALUES (N'b3e5b8a3-a237-4b32-876d-de218d9e94f4', N'5ee67aab-389b-40f7-a1ee-2429f3ddd38e', N'cbf9b0c1-2291-47ad-9f45-ee668e4bbf6d', N'9b8f1174-4044-4458-b86a-6599eb290aa6', 1, N'Some commentary', CAST(N'2022-05-02T00:57:36.020' AS DateTime))
INSERT [dbo].[SubjectEvaluation] ([Id], [ScholarId], [SubjectId], [GradeId], [IsPublished], [Comment], [EvaluationDate]) VALUES (N'9360e5dd-59cf-4af4-98e5-ef4c02d54d0c', N'5ee67aab-389b-40f7-a1ee-2429f3ddd38e', N'cbf9b0c1-2291-47ad-9f45-ee668e4bbf6d', N'9b8f1174-4044-4458-b86a-6599eb290aa6', 1, N'another commentary again againX3', CAST(N'2022-05-02T01:51:17.903' AS DateTime))
INSERT [dbo].[SubjectEvaluation] ([Id], [ScholarId], [SubjectId], [GradeId], [IsPublished], [Comment], [EvaluationDate]) VALUES (N'e4d3c1d7-690b-49b3-ad3f-29d1bfead857', N'5ee67aab-389b-40f7-a1ee-2429f3ddd38e', N'cbf9b0c1-2291-47ad-9f45-ee668e4bbf6d', N'a7ffd924-aff6-410a-98a1-133bc399126d', 1, N'New comment', CAST(N'2022-05-01T23:06:12.823' AS DateTime))
INSERT [dbo].[SubjectEvaluation] ([Id], [ScholarId], [SubjectId], [GradeId], [IsPublished], [Comment], [EvaluationDate]) VALUES (N'd9c58530-6e69-4964-b460-1bb8b079b386', N'5ee67aab-389b-40f7-a1ee-2429f3ddd38e', N'cbf9b0c1-2291-47ad-9f45-ee668e4bbf6d', N'9b8f1174-4044-4458-b86a-6599eb290aa6', 1, N'other commentary', CAST(N'2022-05-02T01:20:13.100' AS DateTime))
INSERT [dbo].[SubjectEvaluation] ([Id], [ScholarId], [SubjectId], [GradeId], [IsPublished], [Comment], [EvaluationDate]) VALUES (N'5483521a-ec8b-4975-b51c-38a52b21a6df', N'5ee67aab-389b-40f7-a1ee-2429f3ddd38e', N'cbf9b0c1-2291-47ad-9f45-ee668e4bbf6d', N'fd244f2a-3146-45d2-9902-bcc36c90b1b3', 1, N'Last commentary again againX7', CAST(N'2022-05-02T02:20:32.267' AS DateTime))
INSERT [dbo].[SubjectEvaluation] ([Id], [ScholarId], [SubjectId], [GradeId], [IsPublished], [Comment], [EvaluationDate]) VALUES (N'74411d06-3eb9-42fc-8c7f-8dcd2e40c8df', N'5ee67aab-389b-40f7-a1ee-2429f3ddd38e', N'cbf9b0c1-2291-47ad-9f45-ee668e4bbf6d', N'43ce3d47-e5c7-4f6b-bc39-dd5ed408d653', 1, N'another commentary again againX6', CAST(N'2022-05-02T01:53:32.583' AS DateTime))
INSERT [dbo].[SubjectEvaluation] ([Id], [ScholarId], [SubjectId], [GradeId], [IsPublished], [Comment], [EvaluationDate]) VALUES (N'd014339b-0561-4b2b-b9fe-8a86b37a2526', N'd7264727-db0e-44b3-bdac-34b19e355109', N'cbf9b0c1-2291-47ad-9f45-ee668e4bbf6d', N'9b8f1174-4044-4458-b86a-6599eb290aa6', 1, N'other commentary', CAST(N'2022-05-02T01:20:13.100' AS DateTime))
INSERT [dbo].[SubjectEvaluation] ([Id], [ScholarId], [SubjectId], [GradeId], [IsPublished], [Comment], [EvaluationDate]) VALUES (N'd9f11386-6019-4a9e-83c0-f572ddfed59b', N'd7264727-db0e-44b3-bdac-34b19e355109', N'cbf9b0c1-2291-47ad-9f45-ee668e4bbf6d', N'9b8f1174-4044-4458-b86a-6599eb290aa6', 1, N'Some commentary', CAST(N'2022-05-02T00:57:36.020' AS DateTime))
INSERT [dbo].[SubjectEvaluation] ([Id], [ScholarId], [SubjectId], [GradeId], [IsPublished], [Comment], [EvaluationDate]) VALUES (N'6bddc52f-df02-4e42-9f95-fe492fe8ec9c', N'd7264727-db0e-44b3-bdac-34b19e355109', N'cbf9b0c1-2291-47ad-9f45-ee668e4bbf6d', N'a7ffd924-aff6-410a-98a1-133bc399126d', 1, N'New comment', CAST(N'2022-05-01T23:06:12.823' AS DateTime))
INSERT [dbo].[SubjectEvaluation] ([Id], [ScholarId], [SubjectId], [GradeId], [IsPublished], [Comment], [EvaluationDate]) VALUES (N'164a38f4-2edd-4ed5-9acf-c1130489ab33', N'f5091cfc-12a1-4581-b75c-574f07fd2a41', N'cbf9b0c1-2291-47ad-9f45-ee668e4bbf6d', N'58a8b2a5-ba06-4314-a705-b88232f4a491', 1, N'Last commentary again againX7', CAST(N'2022-05-02T02:20:32.267' AS DateTime))
INSERT [dbo].[SubjectEvaluation] ([Id], [ScholarId], [SubjectId], [GradeId], [IsPublished], [Comment], [EvaluationDate]) VALUES (N'f8ac10c5-1e69-4fb8-b28e-8909719c677f', N'f5091cfc-12a1-4581-b75c-574f07fd2a41', N'cbf9b0c1-2291-47ad-9f45-ee668e4bbf6d', N'9b8f1174-4044-4458-b86a-6599eb290aa6', 1, N'Some commentary', CAST(N'2022-05-02T00:57:36.020' AS DateTime))
INSERT [dbo].[SubjectEvaluation] ([Id], [ScholarId], [SubjectId], [GradeId], [IsPublished], [Comment], [EvaluationDate]) VALUES (N'b396f784-4331-43b9-bd58-90afc6e8d87b', N'f5091cfc-12a1-4581-b75c-574f07fd2a41', N'cbf9b0c1-2291-47ad-9f45-ee668e4bbf6d', N'43ce3d47-e5c7-4f6b-bc39-dd5ed408d653', 1, N'another commentary again againX6', CAST(N'2022-05-02T01:53:32.583' AS DateTime))
INSERT [dbo].[SubjectEvaluation] ([Id], [ScholarId], [SubjectId], [GradeId], [IsPublished], [Comment], [EvaluationDate]) VALUES (N'4ba30142-f853-41f2-90c0-7e2dec999d2b', N'f5091cfc-12a1-4581-b75c-574f07fd2a41', N'cbf9b0c1-2291-47ad-9f45-ee668e4bbf6d', N'9b8f1174-4044-4458-b86a-6599eb290aa6', 1, N'another commentary again againX3', CAST(N'2022-05-02T01:51:17.903' AS DateTime))
INSERT [dbo].[SubjectEvaluation] ([Id], [ScholarId], [SubjectId], [GradeId], [IsPublished], [Comment], [EvaluationDate]) VALUES (N'e5c1ba49-4e69-4031-bbaa-6747d37b501a', N'f5091cfc-12a1-4581-b75c-574f07fd2a41', N'cbf9b0c1-2291-47ad-9f45-ee668e4bbf6d', N'9b8f1174-4044-4458-b86a-6599eb290aa6', 1, N'other commentary', CAST(N'2022-05-02T01:20:13.100' AS DateTime))
INSERT [dbo].[SubjectEvaluation] ([Id], [ScholarId], [SubjectId], [GradeId], [IsPublished], [Comment], [EvaluationDate]) VALUES (N'de926abb-1c6f-45ce-acc6-2e04be60d629', N'f5091cfc-12a1-4581-b75c-574f07fd2a41', N'cbf9b0c1-2291-47ad-9f45-ee668e4bbf6d', N'a7ffd924-aff6-410a-98a1-133bc399126d', 1, N'New comment', CAST(N'2022-05-01T23:06:12.823' AS DateTime))
INSERT [dbo].[SubjectEvaluation] ([Id], [ScholarId], [SubjectId], [GradeId], [IsPublished], [Comment], [EvaluationDate]) VALUES (N'9b172d1e-9538-4a4b-8552-1bf443dc2eb8', N'12ecd5c6-d178-4e03-b89b-7f89651b4d10', N'cbf9b0c1-2291-47ad-9f45-ee668e4bbf6d', N'58a8b2a5-ba06-4314-a705-b88232f4a491', 1, N'Last commentary again againX7', CAST(N'2022-05-02T02:20:32.267' AS DateTime))
INSERT [dbo].[SubjectEvaluation] ([Id], [ScholarId], [SubjectId], [GradeId], [IsPublished], [Comment], [EvaluationDate]) VALUES (N'0a4175a0-719c-4ec3-bd55-2f643d3839da', N'12ecd5c6-d178-4e03-b89b-7f89651b4d10', N'cbf9b0c1-2291-47ad-9f45-ee668e4bbf6d', N'9b8f1174-4044-4458-b86a-6599eb290aa6', 1, N'another commentary again againX3', CAST(N'2022-05-02T01:51:17.903' AS DateTime))
INSERT [dbo].[SubjectEvaluation] ([Id], [ScholarId], [SubjectId], [GradeId], [IsPublished], [Comment], [EvaluationDate]) VALUES (N'5a2ac698-9968-4ab8-9915-c0b2738d2071', N'12ecd5c6-d178-4e03-b89b-7f89651b4d10', N'cbf9b0c1-2291-47ad-9f45-ee668e4bbf6d', N'43ce3d47-e5c7-4f6b-bc39-dd5ed408d653', 1, N'another commentary again againX6', CAST(N'2022-05-02T01:53:32.583' AS DateTime))
INSERT [dbo].[SubjectEvaluation] ([Id], [ScholarId], [SubjectId], [GradeId], [IsPublished], [Comment], [EvaluationDate]) VALUES (N'4650f79c-1ae4-491a-ad16-9ec90795a37f', N'12ecd5c6-d178-4e03-b89b-7f89651b4d10', N'cbf9b0c1-2291-47ad-9f45-ee668e4bbf6d', N'9b8f1174-4044-4458-b86a-6599eb290aa6', 1, N'Some commentary', CAST(N'2022-05-02T00:57:36.020' AS DateTime))
INSERT [dbo].[SubjectEvaluation] ([Id], [ScholarId], [SubjectId], [GradeId], [IsPublished], [Comment], [EvaluationDate]) VALUES (N'6a15323a-cb97-46b7-94f1-d7a5ca9d3022', N'12ecd5c6-d178-4e03-b89b-7f89651b4d10', N'cbf9b0c1-2291-47ad-9f45-ee668e4bbf6d', N'a7ffd924-aff6-410a-98a1-133bc399126d', 1, N'New comment', CAST(N'2022-05-01T23:06:12.823' AS DateTime))
INSERT [dbo].[SubjectEvaluation] ([Id], [ScholarId], [SubjectId], [GradeId], [IsPublished], [Comment], [EvaluationDate]) VALUES (N'f77a0fe5-0e92-4c84-a5ff-f8a8214755f7', N'12ecd5c6-d178-4e03-b89b-7f89651b4d10', N'cbf9b0c1-2291-47ad-9f45-ee668e4bbf6d', N'9b8f1174-4044-4458-b86a-6599eb290aa6', 1, N'other commentary', CAST(N'2022-05-02T01:20:13.100' AS DateTime))
INSERT [dbo].[SubjectEvaluation] ([Id], [ScholarId], [SubjectId], [GradeId], [IsPublished], [Comment], [EvaluationDate]) VALUES (N'9cd0ab06-cf90-48ed-a327-d83dff86d5d1', N'2bacff11-1eef-48f7-b1a6-915f5c3d7c7b', N'cbf9b0c1-2291-47ad-9f45-ee668e4bbf6d', N'a7ffd924-aff6-410a-98a1-133bc399126d', 1, N'New comment', CAST(N'2022-05-01T23:06:12.823' AS DateTime))
INSERT [dbo].[SubjectEvaluation] ([Id], [ScholarId], [SubjectId], [GradeId], [IsPublished], [Comment], [EvaluationDate]) VALUES (N'af328a14-d0f2-45ae-9da3-d4573196e96e', N'2bacff11-1eef-48f7-b1a6-915f5c3d7c7b', N'cbf9b0c1-2291-47ad-9f45-ee668e4bbf6d', N'9b8f1174-4044-4458-b86a-6599eb290aa6', 1, N'Some commentary', CAST(N'2022-05-02T00:57:36.020' AS DateTime))
INSERT [dbo].[SubjectEvaluation] ([Id], [ScholarId], [SubjectId], [GradeId], [IsPublished], [Comment], [EvaluationDate]) VALUES (N'4e21558a-f8ba-4f87-a0a5-d125ab23000b', N'2bacff11-1eef-48f7-b1a6-915f5c3d7c7b', N'cbf9b0c1-2291-47ad-9f45-ee668e4bbf6d', N'fd244f2a-3146-45d2-9902-bcc36c90b1b3', 1, N'Last commentary again againX7', CAST(N'2022-05-02T02:20:32.267' AS DateTime))
INSERT [dbo].[SubjectEvaluation] ([Id], [ScholarId], [SubjectId], [GradeId], [IsPublished], [Comment], [EvaluationDate]) VALUES (N'2e517c49-a29d-486f-b127-3b76623a1d19', N'2bacff11-1eef-48f7-b1a6-915f5c3d7c7b', N'cbf9b0c1-2291-47ad-9f45-ee668e4bbf6d', N'43ce3d47-e5c7-4f6b-bc39-dd5ed408d653', 1, N'another commentary again againX6', CAST(N'2022-05-02T01:53:32.583' AS DateTime))
INSERT [dbo].[SubjectEvaluation] ([Id], [ScholarId], [SubjectId], [GradeId], [IsPublished], [Comment], [EvaluationDate]) VALUES (N'26b1624f-4db8-45ce-8c0d-10304715b57a', N'2bacff11-1eef-48f7-b1a6-915f5c3d7c7b', N'cbf9b0c1-2291-47ad-9f45-ee668e4bbf6d', N'9b8f1174-4044-4458-b86a-6599eb290aa6', 1, N'other commentary', CAST(N'2022-05-02T01:20:13.100' AS DateTime))
INSERT [dbo].[SubjectEvaluation] ([Id], [ScholarId], [SubjectId], [GradeId], [IsPublished], [Comment], [EvaluationDate]) VALUES (N'2a45e3ba-cfca-4313-9232-87848c7257c9', N'2bacff11-1eef-48f7-b1a6-915f5c3d7c7b', N'cbf9b0c1-2291-47ad-9f45-ee668e4bbf6d', N'9b8f1174-4044-4458-b86a-6599eb290aa6', 1, N'another commentary again againX3', CAST(N'2022-05-02T01:51:17.903' AS DateTime))
INSERT [dbo].[SubjectEvaluation] ([Id], [ScholarId], [SubjectId], [GradeId], [IsPublished], [Comment], [EvaluationDate]) VALUES (N'b2dcacae-332a-4492-826b-7a9c4b281f47', N'255aa288-cbb3-4989-95df-9922085f9f1f', N'cbf9b0c1-2291-47ad-9f45-ee668e4bbf6d', N'a7ffd924-aff6-410a-98a1-133bc399126d', 1, N'New comment', CAST(N'2022-05-01T23:06:12.823' AS DateTime))
INSERT [dbo].[SubjectEvaluation] ([Id], [ScholarId], [SubjectId], [GradeId], [IsPublished], [Comment], [EvaluationDate]) VALUES (N'610db50c-bade-4ddc-ae1c-17dbec92e557', N'255aa288-cbb3-4989-95df-9922085f9f1f', N'cbf9b0c1-2291-47ad-9f45-ee668e4bbf6d', N'9b8f1174-4044-4458-b86a-6599eb290aa6', 1, N'Some commentary', CAST(N'2022-05-02T00:57:36.020' AS DateTime))
INSERT [dbo].[SubjectEvaluation] ([Id], [ScholarId], [SubjectId], [GradeId], [IsPublished], [Comment], [EvaluationDate]) VALUES (N'63d720c7-3a21-47a0-a48e-975a775c6fc0', N'255aa288-cbb3-4989-95df-9922085f9f1f', N'cbf9b0c1-2291-47ad-9f45-ee668e4bbf6d', N'43ce3d47-e5c7-4f6b-bc39-dd5ed408d653', 1, N'another commentary again againX6', CAST(N'2022-05-02T01:53:32.583' AS DateTime))
INSERT [dbo].[SubjectEvaluation] ([Id], [ScholarId], [SubjectId], [GradeId], [IsPublished], [Comment], [EvaluationDate]) VALUES (N'bfd2b55e-ae86-48e4-8b6a-c9a5f0993567', N'255aa288-cbb3-4989-95df-9922085f9f1f', N'cbf9b0c1-2291-47ad-9f45-ee668e4bbf6d', N'9b8f1174-4044-4458-b86a-6599eb290aa6', 1, N'other commentary', CAST(N'2022-05-02T01:20:13.100' AS DateTime))
INSERT [dbo].[SubjectEvaluation] ([Id], [ScholarId], [SubjectId], [GradeId], [IsPublished], [Comment], [EvaluationDate]) VALUES (N'4f92585d-740c-4a13-a41f-fd13f611364c', N'255aa288-cbb3-4989-95df-9922085f9f1f', N'cbf9b0c1-2291-47ad-9f45-ee668e4bbf6d', N'9b8f1174-4044-4458-b86a-6599eb290aa6', 1, N'another commentary again againX3', CAST(N'2022-05-02T01:51:17.903' AS DateTime))
INSERT [dbo].[SubjectEvaluation] ([Id], [ScholarId], [SubjectId], [GradeId], [IsPublished], [Comment], [EvaluationDate]) VALUES (N'e5d7b64b-391b-47d5-bae4-feee5a462527', N'255aa288-cbb3-4989-95df-9922085f9f1f', N'cbf9b0c1-2291-47ad-9f45-ee668e4bbf6d', N'fd244f2a-3146-45d2-9902-bcc36c90b1b3', 1, N'Last commentary again againX7', CAST(N'2022-05-02T02:20:32.267' AS DateTime))
INSERT [dbo].[SubjectEvaluation] ([Id], [ScholarId], [SubjectId], [GradeId], [IsPublished], [Comment], [EvaluationDate]) VALUES (N'1b50be23-86f0-4b5f-8b16-baf54c3f56e4', N'2aaf7f3a-919b-4358-b4ed-9e9811e74d86', N'cbf9b0c1-2291-47ad-9f45-ee668e4bbf6d', N'fd244f2a-3146-45d2-9902-bcc36c90b1b3', 1, N'Last commentary again againX7', CAST(N'2022-05-02T02:20:32.267' AS DateTime))
INSERT [dbo].[SubjectEvaluation] ([Id], [ScholarId], [SubjectId], [GradeId], [IsPublished], [Comment], [EvaluationDate]) VALUES (N'5cac765f-2a15-4ba7-aa95-d9de8401e509', N'2aaf7f3a-919b-4358-b4ed-9e9811e74d86', N'cbf9b0c1-2291-47ad-9f45-ee668e4bbf6d', N'a7ffd924-aff6-410a-98a1-133bc399126d', 1, N'New comment', CAST(N'2022-05-01T23:06:12.823' AS DateTime))
INSERT [dbo].[SubjectEvaluation] ([Id], [ScholarId], [SubjectId], [GradeId], [IsPublished], [Comment], [EvaluationDate]) VALUES (N'e89b741d-c9a7-4cac-a5bd-198f57288a4c', N'2aaf7f3a-919b-4358-b4ed-9e9811e74d86', N'cbf9b0c1-2291-47ad-9f45-ee668e4bbf6d', N'9b8f1174-4044-4458-b86a-6599eb290aa6', 1, N'Some commentary', CAST(N'2022-05-02T00:57:36.020' AS DateTime))
INSERT [dbo].[SubjectEvaluation] ([Id], [ScholarId], [SubjectId], [GradeId], [IsPublished], [Comment], [EvaluationDate]) VALUES (N'31d93eb2-56ec-407a-ae07-2e7cf49d1f0a', N'2aaf7f3a-919b-4358-b4ed-9e9811e74d86', N'cbf9b0c1-2291-47ad-9f45-ee668e4bbf6d', N'43ce3d47-e5c7-4f6b-bc39-dd5ed408d653', 1, N'another commentary again againX6', CAST(N'2022-05-02T01:53:32.583' AS DateTime))
INSERT [dbo].[SubjectEvaluation] ([Id], [ScholarId], [SubjectId], [GradeId], [IsPublished], [Comment], [EvaluationDate]) VALUES (N'6aef5b29-0b96-47ed-9b0c-36375fed3bb2', N'2aaf7f3a-919b-4358-b4ed-9e9811e74d86', N'cbf9b0c1-2291-47ad-9f45-ee668e4bbf6d', N'9b8f1174-4044-4458-b86a-6599eb290aa6', 1, N'another commentary again againX3', CAST(N'2022-05-02T01:51:17.903' AS DateTime))
INSERT [dbo].[SubjectEvaluation] ([Id], [ScholarId], [SubjectId], [GradeId], [IsPublished], [Comment], [EvaluationDate]) VALUES (N'b8619fa4-d2ef-4c1a-9e79-9527fabee147', N'2aaf7f3a-919b-4358-b4ed-9e9811e74d86', N'cbf9b0c1-2291-47ad-9f45-ee668e4bbf6d', N'9b8f1174-4044-4458-b86a-6599eb290aa6', 1, N'other commentary', CAST(N'2022-05-02T01:20:13.100' AS DateTime))
INSERT [dbo].[SubjectEvaluation] ([Id], [ScholarId], [SubjectId], [GradeId], [IsPublished], [Comment], [EvaluationDate]) VALUES (N'3a994423-7a49-4650-a6e8-8ae1660e1933', N'941ff597-d42d-4936-9b82-a17b40e461ab', N'cbf9b0c1-2291-47ad-9f45-ee668e4bbf6d', N'9b8f1174-4044-4458-b86a-6599eb290aa6', 1, N'Some commentary', CAST(N'2022-05-02T00:57:36.020' AS DateTime))
INSERT [dbo].[SubjectEvaluation] ([Id], [ScholarId], [SubjectId], [GradeId], [IsPublished], [Comment], [EvaluationDate]) VALUES (N'88825437-abe9-4b83-9e98-787008c70956', N'941ff597-d42d-4936-9b82-a17b40e461ab', N'cbf9b0c1-2291-47ad-9f45-ee668e4bbf6d', N'43ce3d47-e5c7-4f6b-bc39-dd5ed408d653', 1, N'another commentary again againX6', CAST(N'2022-05-02T01:53:32.583' AS DateTime))
INSERT [dbo].[SubjectEvaluation] ([Id], [ScholarId], [SubjectId], [GradeId], [IsPublished], [Comment], [EvaluationDate]) VALUES (N'3ce631c8-8b92-4583-8f6f-3136fa119e3c', N'941ff597-d42d-4936-9b82-a17b40e461ab', N'cbf9b0c1-2291-47ad-9f45-ee668e4bbf6d', N'9b8f1174-4044-4458-b86a-6599eb290aa6', 1, N'another commentary again againX3', CAST(N'2022-05-02T01:51:17.903' AS DateTime))
INSERT [dbo].[SubjectEvaluation] ([Id], [ScholarId], [SubjectId], [GradeId], [IsPublished], [Comment], [EvaluationDate]) VALUES (N'44915a31-d6aa-407d-86db-3901539de55e', N'941ff597-d42d-4936-9b82-a17b40e461ab', N'cbf9b0c1-2291-47ad-9f45-ee668e4bbf6d', N'9b8f1174-4044-4458-b86a-6599eb290aa6', 1, N'other commentary', CAST(N'2022-05-02T01:20:13.100' AS DateTime))
INSERT [dbo].[SubjectEvaluation] ([Id], [ScholarId], [SubjectId], [GradeId], [IsPublished], [Comment], [EvaluationDate]) VALUES (N'0a00be5c-1d5c-4d05-8bc5-e56b7fa803c4', N'941ff597-d42d-4936-9b82-a17b40e461ab', N'cbf9b0c1-2291-47ad-9f45-ee668e4bbf6d', N'a7ffd924-aff6-410a-98a1-133bc399126d', 1, N'New comment', CAST(N'2022-05-01T23:06:12.823' AS DateTime))
INSERT [dbo].[SubjectEvaluation] ([Id], [ScholarId], [SubjectId], [GradeId], [IsPublished], [Comment], [EvaluationDate]) VALUES (N'7e6c86c6-e49a-4076-95f9-e6dd32b1efc3', N'941ff597-d42d-4936-9b82-a17b40e461ab', N'cbf9b0c1-2291-47ad-9f45-ee668e4bbf6d', N'fd244f2a-3146-45d2-9902-bcc36c90b1b3', 1, N'Last commentary again againX7', CAST(N'2022-05-02T02:20:32.267' AS DateTime))
INSERT [dbo].[SubjectEvaluation] ([Id], [ScholarId], [SubjectId], [GradeId], [IsPublished], [Comment], [EvaluationDate]) VALUES (N'cba6564a-c88d-4d51-9e39-df5ed470692a', N'b3142ef7-f2ec-4569-b189-a592a12429bc', N'cbf9b0c1-2291-47ad-9f45-ee668e4bbf6d', N'9b8f1174-4044-4458-b86a-6599eb290aa6', 1, N'another commentary again againX3', CAST(N'2022-05-02T01:51:17.903' AS DateTime))
INSERT [dbo].[SubjectEvaluation] ([Id], [ScholarId], [SubjectId], [GradeId], [IsPublished], [Comment], [EvaluationDate]) VALUES (N'8d7f12b9-b4ff-493d-b25a-b7f069b1502e', N'b3142ef7-f2ec-4569-b189-a592a12429bc', N'cbf9b0c1-2291-47ad-9f45-ee668e4bbf6d', N'9b8f1174-4044-4458-b86a-6599eb290aa6', 1, N'Some commentary', CAST(N'2022-05-02T00:57:36.020' AS DateTime))
INSERT [dbo].[SubjectEvaluation] ([Id], [ScholarId], [SubjectId], [GradeId], [IsPublished], [Comment], [EvaluationDate]) VALUES (N'831e4deb-276c-4eac-86b1-12461dec5dde', N'b3142ef7-f2ec-4569-b189-a592a12429bc', N'cbf9b0c1-2291-47ad-9f45-ee668e4bbf6d', N'9b8f1174-4044-4458-b86a-6599eb290aa6', 1, N'other commentary', CAST(N'2022-05-02T01:20:13.100' AS DateTime))
INSERT [dbo].[SubjectEvaluation] ([Id], [ScholarId], [SubjectId], [GradeId], [IsPublished], [Comment], [EvaluationDate]) VALUES (N'f5e04917-bed2-4c80-baf8-2e1ab89ad1d2', N'b3142ef7-f2ec-4569-b189-a592a12429bc', N'cbf9b0c1-2291-47ad-9f45-ee668e4bbf6d', N'fd244f2a-3146-45d2-9902-bcc36c90b1b3', 1, N'Last commentary again againX7', CAST(N'2022-05-02T02:20:32.267' AS DateTime))
INSERT [dbo].[SubjectEvaluation] ([Id], [ScholarId], [SubjectId], [GradeId], [IsPublished], [Comment], [EvaluationDate]) VALUES (N'b893c3ed-0194-4bc2-ba8c-4bb1f7f88a08', N'b3142ef7-f2ec-4569-b189-a592a12429bc', N'cbf9b0c1-2291-47ad-9f45-ee668e4bbf6d', N'43ce3d47-e5c7-4f6b-bc39-dd5ed408d653', 1, N'another commentary again againX6', CAST(N'2022-05-02T01:53:32.583' AS DateTime))
INSERT [dbo].[SubjectEvaluation] ([Id], [ScholarId], [SubjectId], [GradeId], [IsPublished], [Comment], [EvaluationDate]) VALUES (N'6656867c-3a56-447d-a1e4-4cc48b35f8e1', N'b3142ef7-f2ec-4569-b189-a592a12429bc', N'cbf9b0c1-2291-47ad-9f45-ee668e4bbf6d', N'a7ffd924-aff6-410a-98a1-133bc399126d', 1, N'New comment', CAST(N'2022-05-01T23:06:12.823' AS DateTime))
INSERT [dbo].[SubjectEvaluation] ([Id], [ScholarId], [SubjectId], [GradeId], [IsPublished], [Comment], [EvaluationDate]) VALUES (N'083cdaf8-7aa9-48ec-8939-4dfa8d7a3f9b', N'7fffae21-d54f-4b78-8afb-ac461b66c7eb', N'cbf9b0c1-2291-47ad-9f45-ee668e4bbf6d', N'a7ffd924-aff6-410a-98a1-133bc399126d', 1, N'New comment', CAST(N'2022-05-01T23:06:12.823' AS DateTime))
INSERT [dbo].[SubjectEvaluation] ([Id], [ScholarId], [SubjectId], [GradeId], [IsPublished], [Comment], [EvaluationDate]) VALUES (N'de86cdcd-67bf-4fe2-83c2-884c3995867b', N'7fffae21-d54f-4b78-8afb-ac461b66c7eb', N'cbf9b0c1-2291-47ad-9f45-ee668e4bbf6d', N'9b8f1174-4044-4458-b86a-6599eb290aa6', 1, N'Some commentary', CAST(N'2022-05-02T00:57:36.020' AS DateTime))
INSERT [dbo].[SubjectEvaluation] ([Id], [ScholarId], [SubjectId], [GradeId], [IsPublished], [Comment], [EvaluationDate]) VALUES (N'3bc4ca6f-7bbe-4f91-98d9-88bf1dbedb59', N'7fffae21-d54f-4b78-8afb-ac461b66c7eb', N'cbf9b0c1-2291-47ad-9f45-ee668e4bbf6d', N'9b8f1174-4044-4458-b86a-6599eb290aa6', 1, N'another commentary again againX3', CAST(N'2022-05-02T01:51:17.903' AS DateTime))
INSERT [dbo].[SubjectEvaluation] ([Id], [ScholarId], [SubjectId], [GradeId], [IsPublished], [Comment], [EvaluationDate]) VALUES (N'06bff601-88cf-4e8e-bb25-3fb9aa737d4e', N'7fffae21-d54f-4b78-8afb-ac461b66c7eb', N'cbf9b0c1-2291-47ad-9f45-ee668e4bbf6d', N'58a8b2a5-ba06-4314-a705-b88232f4a491', 1, N'Last commentary again againX7', CAST(N'2022-05-02T02:20:32.267' AS DateTime))
INSERT [dbo].[SubjectEvaluation] ([Id], [ScholarId], [SubjectId], [GradeId], [IsPublished], [Comment], [EvaluationDate]) VALUES (N'f9349284-e806-4d30-b726-eb73bf51225e', N'7fffae21-d54f-4b78-8afb-ac461b66c7eb', N'cbf9b0c1-2291-47ad-9f45-ee668e4bbf6d', N'43ce3d47-e5c7-4f6b-bc39-dd5ed408d653', 1, N'another commentary again againX6', CAST(N'2022-05-02T01:53:32.583' AS DateTime))
INSERT [dbo].[SubjectEvaluation] ([Id], [ScholarId], [SubjectId], [GradeId], [IsPublished], [Comment], [EvaluationDate]) VALUES (N'45933110-5ad6-4454-994a-efdf732e1ba5', N'7fffae21-d54f-4b78-8afb-ac461b66c7eb', N'cbf9b0c1-2291-47ad-9f45-ee668e4bbf6d', N'9b8f1174-4044-4458-b86a-6599eb290aa6', 1, N'other commentary', CAST(N'2022-05-02T01:20:13.100' AS DateTime))
INSERT [dbo].[SubjectEvaluation] ([Id], [ScholarId], [SubjectId], [GradeId], [IsPublished], [Comment], [EvaluationDate]) VALUES (N'd4350bd9-046f-4322-b4fb-f0d94cc98a02', N'45cd26ef-85a0-4187-8900-b9b08b670003', N'cbf9b0c1-2291-47ad-9f45-ee668e4bbf6d', N'43ce3d47-e5c7-4f6b-bc39-dd5ed408d653', 1, N'another commentary again againX6', CAST(N'2022-05-02T01:53:32.583' AS DateTime))
INSERT [dbo].[SubjectEvaluation] ([Id], [ScholarId], [SubjectId], [GradeId], [IsPublished], [Comment], [EvaluationDate]) VALUES (N'd3e01586-af0f-4916-9c5a-a27688e5dc40', N'45cd26ef-85a0-4187-8900-b9b08b670003', N'cbf9b0c1-2291-47ad-9f45-ee668e4bbf6d', N'9b8f1174-4044-4458-b86a-6599eb290aa6', 1, N'Some commentary', CAST(N'2022-05-02T00:57:36.020' AS DateTime))
INSERT [dbo].[SubjectEvaluation] ([Id], [ScholarId], [SubjectId], [GradeId], [IsPublished], [Comment], [EvaluationDate]) VALUES (N'9458b20d-2106-415e-b13c-9dcc981a217d', N'45cd26ef-85a0-4187-8900-b9b08b670003', N'cbf9b0c1-2291-47ad-9f45-ee668e4bbf6d', N'a7ffd924-aff6-410a-98a1-133bc399126d', 1, N'New comment', CAST(N'2022-05-01T23:06:12.823' AS DateTime))
INSERT [dbo].[SubjectEvaluation] ([Id], [ScholarId], [SubjectId], [GradeId], [IsPublished], [Comment], [EvaluationDate]) VALUES (N'96651c6d-a28b-46e1-b664-3c3adb70593b', N'45cd26ef-85a0-4187-8900-b9b08b670003', N'cbf9b0c1-2291-47ad-9f45-ee668e4bbf6d', N'9b8f1174-4044-4458-b86a-6599eb290aa6', 1, N'another commentary again againX3', CAST(N'2022-05-02T01:51:17.903' AS DateTime))
INSERT [dbo].[SubjectEvaluation] ([Id], [ScholarId], [SubjectId], [GradeId], [IsPublished], [Comment], [EvaluationDate]) VALUES (N'34bcf62f-fbaa-48e8-aadf-2fedf01b90fa', N'45cd26ef-85a0-4187-8900-b9b08b670003', N'cbf9b0c1-2291-47ad-9f45-ee668e4bbf6d', N'9b8f1174-4044-4458-b86a-6599eb290aa6', 1, N'other commentary', CAST(N'2022-05-02T01:20:13.100' AS DateTime))
INSERT [dbo].[SubjectEvaluation] ([Id], [ScholarId], [SubjectId], [GradeId], [IsPublished], [Comment], [EvaluationDate]) VALUES (N'5acfe6a0-d70b-491f-8609-2dc394880c87', N'45cd26ef-85a0-4187-8900-b9b08b670003', N'cbf9b0c1-2291-47ad-9f45-ee668e4bbf6d', N'fd244f2a-3146-45d2-9902-bcc36c90b1b3', 1, N'Last commentary again againX7', CAST(N'2022-05-02T02:20:32.267' AS DateTime))
INSERT [dbo].[SubjectEvaluation] ([Id], [ScholarId], [SubjectId], [GradeId], [IsPublished], [Comment], [EvaluationDate]) VALUES (N'38e076f0-c2af-4d08-861f-2b36c6c90f24', N'ff73aec6-d856-48b4-a52b-bec115926931', N'cbf9b0c1-2291-47ad-9f45-ee668e4bbf6d', N'a7ffd924-aff6-410a-98a1-133bc399126d', 1, N'New comment', CAST(N'2022-05-01T23:06:12.823' AS DateTime))
INSERT [dbo].[SubjectEvaluation] ([Id], [ScholarId], [SubjectId], [GradeId], [IsPublished], [Comment], [EvaluationDate]) VALUES (N'ba0c96d1-272f-4520-8c58-0251b1bd4205', N'ff73aec6-d856-48b4-a52b-bec115926931', N'cbf9b0c1-2291-47ad-9f45-ee668e4bbf6d', N'fd244f2a-3146-45d2-9902-bcc36c90b1b3', 1, N'Last commentary again againX7', CAST(N'2022-05-02T02:20:32.267' AS DateTime))
INSERT [dbo].[SubjectEvaluation] ([Id], [ScholarId], [SubjectId], [GradeId], [IsPublished], [Comment], [EvaluationDate]) VALUES (N'1fdf410a-0554-42ab-b1a4-0e556dd1df21', N'ff73aec6-d856-48b4-a52b-bec115926931', N'cbf9b0c1-2291-47ad-9f45-ee668e4bbf6d', N'9b8f1174-4044-4458-b86a-6599eb290aa6', 1, N'another commentary again againX3', CAST(N'2022-05-02T01:51:17.903' AS DateTime))
INSERT [dbo].[SubjectEvaluation] ([Id], [ScholarId], [SubjectId], [GradeId], [IsPublished], [Comment], [EvaluationDate]) VALUES (N'4de483af-3666-455b-a720-532d4ffbb22a', N'ff73aec6-d856-48b4-a52b-bec115926931', N'cbf9b0c1-2291-47ad-9f45-ee668e4bbf6d', N'9b8f1174-4044-4458-b86a-6599eb290aa6', 1, N'other commentary', CAST(N'2022-05-02T01:20:13.100' AS DateTime))
INSERT [dbo].[SubjectEvaluation] ([Id], [ScholarId], [SubjectId], [GradeId], [IsPublished], [Comment], [EvaluationDate]) VALUES (N'0c22e73b-372b-4434-8aed-59b2e4579fea', N'ff73aec6-d856-48b4-a52b-bec115926931', N'cbf9b0c1-2291-47ad-9f45-ee668e4bbf6d', N'43ce3d47-e5c7-4f6b-bc39-dd5ed408d653', 1, N'another commentary again againX6', CAST(N'2022-05-02T01:53:32.583' AS DateTime))
INSERT [dbo].[SubjectEvaluation] ([Id], [ScholarId], [SubjectId], [GradeId], [IsPublished], [Comment], [EvaluationDate]) VALUES (N'627de415-d982-4fb2-84fb-72715d3ce67c', N'ff73aec6-d856-48b4-a52b-bec115926931', N'cbf9b0c1-2291-47ad-9f45-ee668e4bbf6d', N'9b8f1174-4044-4458-b86a-6599eb290aa6', 1, N'Some commentary', CAST(N'2022-05-02T00:57:36.020' AS DateTime))
INSERT [dbo].[SubjectEvaluation] ([Id], [ScholarId], [SubjectId], [GradeId], [IsPublished], [Comment], [EvaluationDate]) VALUES (N'68b1500a-dded-4e3b-a86a-3efb4167a4d0', N'af78ecdf-f1a5-48ef-bba3-d0246260eeb2', N'cbf9b0c1-2291-47ad-9f45-ee668e4bbf6d', N'9b8f1174-4044-4458-b86a-6599eb290aa6', 1, N'other commentary', CAST(N'2022-05-02T01:20:13.100' AS DateTime))
INSERT [dbo].[SubjectEvaluation] ([Id], [ScholarId], [SubjectId], [GradeId], [IsPublished], [Comment], [EvaluationDate]) VALUES (N'dd67be18-2774-429a-8935-d98747d70c13', N'af78ecdf-f1a5-48ef-bba3-d0246260eeb2', N'cbf9b0c1-2291-47ad-9f45-ee668e4bbf6d', N'9b8f1174-4044-4458-b86a-6599eb290aa6', 1, N'Some commentary', CAST(N'2022-05-02T00:57:36.020' AS DateTime))
INSERT [dbo].[SubjectEvaluation] ([Id], [ScholarId], [SubjectId], [GradeId], [IsPublished], [Comment], [EvaluationDate]) VALUES (N'9e5c57e0-f054-4b34-90cb-d5ed5a5802c0', N'af78ecdf-f1a5-48ef-bba3-d0246260eeb2', N'cbf9b0c1-2291-47ad-9f45-ee668e4bbf6d', N'a7ffd924-aff6-410a-98a1-133bc399126d', 1, N'New comment', CAST(N'2022-05-01T23:06:12.823' AS DateTime))
INSERT [dbo].[SubjectEvaluation] ([Id], [ScholarId], [SubjectId], [GradeId], [IsPublished], [Comment], [EvaluationDate]) VALUES (N'640d8eca-bae8-4110-8d2f-d23952cbaaac', N'd08db613-2864-459e-9b89-d3bdc34c1c02', N'cbf9b0c1-2291-47ad-9f45-ee668e4bbf6d', N'43ce3d47-e5c7-4f6b-bc39-dd5ed408d653', 1, N'another commentary again againX6', CAST(N'2022-05-02T01:53:32.583' AS DateTime))
INSERT [dbo].[SubjectEvaluation] ([Id], [ScholarId], [SubjectId], [GradeId], [IsPublished], [Comment], [EvaluationDate]) VALUES (N'a1d79d01-8511-4138-8237-dd8b51f7cb6f', N'd08db613-2864-459e-9b89-d3bdc34c1c02', N'cbf9b0c1-2291-47ad-9f45-ee668e4bbf6d', N'a7ffd924-aff6-410a-98a1-133bc399126d', 1, N'New comment', CAST(N'2022-05-01T23:06:12.823' AS DateTime))
INSERT [dbo].[SubjectEvaluation] ([Id], [ScholarId], [SubjectId], [GradeId], [IsPublished], [Comment], [EvaluationDate]) VALUES (N'454172cb-95b0-4c1a-b271-4a73890209ae', N'd08db613-2864-459e-9b89-d3bdc34c1c02', N'cbf9b0c1-2291-47ad-9f45-ee668e4bbf6d', N'9b8f1174-4044-4458-b86a-6599eb290aa6', 1, N'other commentary', CAST(N'2022-05-02T01:20:13.100' AS DateTime))
INSERT [dbo].[SubjectEvaluation] ([Id], [ScholarId], [SubjectId], [GradeId], [IsPublished], [Comment], [EvaluationDate]) VALUES (N'34dcccba-58ab-42d8-ad52-6e01f20a84e5', N'd08db613-2864-459e-9b89-d3bdc34c1c02', N'cbf9b0c1-2291-47ad-9f45-ee668e4bbf6d', N'9b8f1174-4044-4458-b86a-6599eb290aa6', 1, N'Some commentary', CAST(N'2022-05-02T00:57:36.020' AS DateTime))
INSERT [dbo].[SubjectEvaluation] ([Id], [ScholarId], [SubjectId], [GradeId], [IsPublished], [Comment], [EvaluationDate]) VALUES (N'77fee94b-388f-4b8f-8348-4efa3e5116d8', N'd08db613-2864-459e-9b89-d3bdc34c1c02', N'cbf9b0c1-2291-47ad-9f45-ee668e4bbf6d', N'9b8f1174-4044-4458-b86a-6599eb290aa6', 1, N'another commentary again againX3', CAST(N'2022-05-02T01:51:17.903' AS DateTime))
INSERT [dbo].[SubjectEvaluation] ([Id], [ScholarId], [SubjectId], [GradeId], [IsPublished], [Comment], [EvaluationDate]) VALUES (N'c9e273a2-66ea-462d-8b75-8c5270cd5cef', N'f2a74718-68bd-4387-bb23-fdc1738985ca', N'cbf9b0c1-2291-47ad-9f45-ee668e4bbf6d', N'9b8f1174-4044-4458-b86a-6599eb290aa6', 1, N'other commentary', CAST(N'2022-05-02T01:20:13.100' AS DateTime))
INSERT [dbo].[SubjectEvaluation] ([Id], [ScholarId], [SubjectId], [GradeId], [IsPublished], [Comment], [EvaluationDate]) VALUES (N'1b4a5258-537c-4b8e-884a-e2c4f0625751', N'f2a74718-68bd-4387-bb23-fdc1738985ca', N'cbf9b0c1-2291-47ad-9f45-ee668e4bbf6d', N'9b8f1174-4044-4458-b86a-6599eb290aa6', 1, N'Some commentary', CAST(N'2022-05-02T00:57:36.020' AS DateTime))
INSERT [dbo].[SubjectEvaluation] ([Id], [ScholarId], [SubjectId], [GradeId], [IsPublished], [Comment], [EvaluationDate]) VALUES (N'0e12323c-e39a-47c3-b1a6-a3f18b0ec75c', N'f2a74718-68bd-4387-bb23-fdc1738985ca', N'cbf9b0c1-2291-47ad-9f45-ee668e4bbf6d', N'a7ffd924-aff6-410a-98a1-133bc399126d', 1, N'New comment', CAST(N'2022-05-01T23:06:12.823' AS DateTime))
GO

INSERT [dbo].[ScholarPrograms] ([ScholarId], [ProgramVersionId], [EnrollDate], [EndDate], [Description]) VALUES (N'3e67a49b-0147-46d9-bb34-1f9e2435f361', N'4fffc534-1d83-15d5-b264-1e17f2abd322', N'2022-01-16T00:00:00.0000000Z', NULL, NULL)
INSERT [dbo].[ScholarPrograms] ([ScholarId], [ProgramVersionId], [EnrollDate], [EndDate], [Description]) VALUES (N'1a1a6431-04e3-4445-8c99-20533cb63d31', N'4fffc534-1d83-15d5-b264-1e17f2abd322', N'2022-01-17T00:00:00.0000000Z', NULL, NULL)
GO

INSERT [dbo].[SubjectEvaluation] ([Id], [ScholarId], [SubjectId], [GradeId], [IsPublished], [Comment], [EvaluationDate]) VALUES (N'0e12323c-e39a-47c4-b1a6-a3f18b0ec75c', N'3e67a49b-0147-46d9-bb34-1f9e2435f361', N'df215e10-8bd4-4401-b2dc-99bb03135f04', N'a7ffd924-aff6-410a-98a1-133bc399126d', 1, N'Good job', CAST(N'2022-05-01T23:06:12.823' AS DateTime))
INSERT [dbo].[SubjectEvaluation] ([Id], [ScholarId], [SubjectId], [GradeId], [IsPublished], [Comment], [EvaluationDate]) VALUES (N'0e12323c-e39a-47c5-b1a6-a3f18b0ec75c', N'1a1a6431-04e3-4445-8c99-20533cb63d31', N'df215e10-8bd4-4401-b2dc-99bb03135f04', N'a7ffd924-aff6-410a-98a1-133bc399126d', 1, N'Nice work', CAST(N'2022-05-01T23:06:12.823' AS DateTime))
INSERT [dbo].[SubjectEvaluation] ([Id], [ScholarId], [SubjectId], [GradeId], [IsPublished], [Comment], [EvaluationDate]) VALUES (N'0e12323c-e39a-47c6-b1a6-a3f18b0ec75c', N'3e67a49b-0147-46d9-bb34-1f9e2435f361', N'df215e10-8bd4-4401-b2dc-99bb03135f09', N'a7ffd924-aff6-410a-98a1-133bc399126d', 1, N'Improve skills', CAST(N'2022-05-01T23:06:12.823' AS DateTime))
INSERT [dbo].[SubjectEvaluation] ([Id], [ScholarId], [SubjectId], [GradeId], [IsPublished], [Comment], [EvaluationDate]) VALUES (N'0e12323c-e39a-47c7-b1a6-a3f18b0ec75c', N'1a1a6431-04e3-4445-8c99-20533cb63d31', N'df215e10-8bd4-4401-b2dc-99bb03135f09', N'a7ffd924-aff6-410a-98a1-133bc399126d', 1, N'Try to improve', CAST(N'2022-05-01T23:06:12.823' AS DateTime))
GO

INSERT [dbo].[Evaluation] ([Id], [ScholarId], [StageId], [OverallRating], [GeneralComments], [Goals], [IsRecommended], [IsClosed], [CurrentVersion]) VALUES (N'0dd67c8b-ee70-47d0-c0c4-08d983a37196', N'3e67a49b-0147-46d9-bb34-1f9e2435f361', N'4fffc534-1d83-15d5-b264-1e17f2abd322', 3, NULL, NULL, 0, 0, 1)
INSERT [dbo].[Evaluation] ([Id], [ScholarId], [StageId], [OverallRating], [GeneralComments], [Goals], [IsRecommended], [IsClosed], [CurrentVersion]) VALUES (N'5974546f-a219-4dab-c0c5-08d983a37196', N'1a1a6431-04e3-4445-8c99-20533cb63d31', N'4fffc534-1d83-15d5-b264-1e17f2abd322', 3, NULL, NULL, 0, 0, 1)
GO

INSERT [dbo].[EvaluationSkills] ([Id], [EvaluationId], [SkillId], [Score]) VALUES (N'd96dc637-42ab-4dd3-be5e-08d91f1f8a26', N'0dd67c8b-ee70-47d0-c0c4-08d983a37196', N'44b6a30c-b42c-11eb-8529-0242ac130003', 3)
INSERT [dbo].[EvaluationSkills] ([Id], [EvaluationId], [SkillId], [Score]) VALUES (N'a1c2c2ae-f673-4472-be5f-08d91f1f8a27', N'0dd67c8b-ee70-47d0-c0c4-08d983a37196', N'35c96e38-b42c-11eb-8529-0242ac130003', 3)
INSERT [dbo].[EvaluationSkills] ([Id], [EvaluationId], [SkillId], [Score]) VALUES (N'909c601d-00b6-4f2d-be60-08d91f1f8a28', N'0dd67c8b-ee70-47d0-c0c4-08d983a37196', N'5265e256-b42c-11eb-8529-0242ac130003', 4)
INSERT [dbo].[EvaluationSkills] ([Id], [EvaluationId], [SkillId], [Score]) VALUES (N'e5a9abe1-567f-45c0-be61-08d91f1f8a29', N'0dd67c8b-ee70-47d0-c0c4-08d983a37196', N'4d72c16a-b42c-11eb-8529-0242ac130003', 2)
INSERT [dbo].[EvaluationSkills] ([Id], [EvaluationId], [SkillId], [Score]) VALUES (N'd3e0e5e5-2cf9-4f8b-be62-08d91f1f8a30', N'0dd67c8b-ee70-47d0-c0c4-08d983a37196', N'3a06d8aa-b42c-11eb-8529-0242ac130003', 1)
INSERT [dbo].[EvaluationSkills] ([Id], [EvaluationId], [SkillId], [Score]) VALUES (N'73975709-343a-407c-be63-08d91f1f8a31', N'0dd67c8b-ee70-47d0-c0c4-08d983a37196', N'57cbd9c6-b42c-11eb-8529-0242ac130003', 5)
INSERT [dbo].[EvaluationSkills] ([Id], [EvaluationId], [SkillId], [Score]) VALUES (N'a3e040cd-0f47-4177-be64-08d91f1f8a32', N'0dd67c8b-ee70-47d0-c0c4-08d983a37196', N'401604c8-b42c-11eb-8529-0242ac130003', 4)
INSERT [dbo].[EvaluationSkills] ([Id], [EvaluationId], [SkillId], [Score]) VALUES (N'de7205b2-49c6-455b-be65-08d91f1f8a33', N'0dd67c8b-ee70-47d0-c0c4-08d983a37196', N'48f296f6-b42c-11eb-8529-0242ac130003', 2)
INSERT [dbo].[EvaluationSkills] ([Id], [EvaluationId], [SkillId], [Score]) VALUES (N'd96dc637-42ab-4dd3-be5e-08d91f1f8a17', N'5974546f-a219-4dab-c0c5-08d983a37196', N'44b6a30c-b42c-11eb-8529-0242ac130003', 3)
INSERT [dbo].[EvaluationSkills] ([Id], [EvaluationId], [SkillId], [Score]) VALUES (N'a1c2c2ae-f673-4472-be5f-08d91f1f8a18', N'5974546f-a219-4dab-c0c5-08d983a37196', N'35c96e38-b42c-11eb-8529-0242ac130003', 3)
INSERT [dbo].[EvaluationSkills] ([Id], [EvaluationId], [SkillId], [Score]) VALUES (N'909c601d-00b6-4f2d-be60-08d91f1f8a19', N'5974546f-a219-4dab-c0c5-08d983a37196', N'5265e256-b42c-11eb-8529-0242ac130003', 4)
INSERT [dbo].[EvaluationSkills] ([Id], [EvaluationId], [SkillId], [Score]) VALUES (N'e5a9abe1-567f-45c0-be61-08d91f1f8a20', N'5974546f-a219-4dab-c0c5-08d983a37196', N'4d72c16a-b42c-11eb-8529-0242ac130003', 2)
INSERT [dbo].[EvaluationSkills] ([Id], [EvaluationId], [SkillId], [Score]) VALUES (N'd3e0e5e5-2cf9-4f8b-be62-08d91f1f8a21', N'5974546f-a219-4dab-c0c5-08d983a37196', N'3a06d8aa-b42c-11eb-8529-0242ac130003', 1)
INSERT [dbo].[EvaluationSkills] ([Id], [EvaluationId], [SkillId], [Score]) VALUES (N'73975709-343a-407c-be63-08d91f1f8a23', N'5974546f-a219-4dab-c0c5-08d983a37196', N'57cbd9c6-b42c-11eb-8529-0242ac130003', 5)
INSERT [dbo].[EvaluationSkills] ([Id], [EvaluationId], [SkillId], [Score]) VALUES (N'a3e040cd-0f47-4177-be64-08d91f1f8a24', N'5974546f-a219-4dab-c0c5-08d983a37196', N'401604c8-b42c-11eb-8529-0242ac130003', 4)
INSERT [dbo].[EvaluationSkills] ([Id], [EvaluationId], [SkillId], [Score]) VALUES (N'de7205b2-49c6-455b-be65-08d91f1f8a25', N'5974546f-a219-4dab-c0c5-08d983a37196', N'48f296f6-b42c-11eb-8529-0242ac130003', 2)
GO
